case_id,sample,risk_score,queue_rank,priority_from_score,status,attempts,latency_s,human_decision,actual,summary,investigator_note,signals,checks
633760,top_of_queue,0.965,1,HIGH,FALLBACK_TEMPLATE,2,6.77,FRAUD,FRAUD,"Score 0.965, rank 1 in the queue. Flags: housing status BA; credit risk score 345; proposed credit limit $2,000. Assistant note unavailable; review the flags above.",Assistant note unavailable; review the flags above.,"housing status BA; credit risk score 345; proposed credit limit $2,000",Verify identity document
804796,top_of_queue,0.93,2,HIGH,ACCEPTED_FOR_HUMAN_REVIEW,1,4.06,FRAUD,FRAUD,"Score 0.93, rank 2 in the queue. Flags: housing status BA; proposed credit limit $2,000; credit risk score 276. Start with Verify identity document: housing status BA. Then Check for linked applications: same-ZIP volume.",Start with Verify identity document: housing status BA. Then Check for linked applications: same-ZIP volume.,"housing status BA; proposed credit limit $2,000; credit risk score 276",Verify identity document; Check for linked applications
935250,top_of_queue,0.896,3,HIGH,ACCEPTED_FOR_HUMAN_REVIEW,1,4.79,FRAUD,FRAUD,"Score 0.896, rank 3 in the queue. Flags: housing status BA; device OS windows; name and email don't match (similarity 0.03). Start with Confirm email ownership: name and email don't match (similarity 0.03). Then Check for linked applications: housing status BA.",Start with Confirm email ownership: name and email don't match (similarity 0.03). Then Check for linked applications: housing status BA.,name and email don't match (similarity 0.03); housing status BA,Confirm email ownership; Check for linked applications
935985,top_of_queue,0.887,4,HIGH,ACCEPTED_FOR_HUMAN_REVIEW,1,4.11,FRAUD,FRAUD,"Score 0.887, rank 4 in the queue. Flags: housing status BA; credit risk score 305; device OS windows. Start with Verify identity document: housing status BA. Then Check for linked applications: credit risk score 305.",Start with Verify identity document: housing status BA. Then Check for linked applications: credit risk score 305.,housing status BA; credit risk score 305,Verify identity document; Check for linked applications
703324,top_of_queue,0.885,5,HIGH,ACCEPTED_FOR_HUMAN_REVIEW,1,4.41,FRAUD,FRAUD,"Score 0.885, rank 5 in the queue. Flags: housing status BA; device used with 2 different emails in 8 weeks; device OS windows. Start with Review device history: device used with 2 different emails in 8 weeks. Then Verify identity document: housing status BA.",Start with Review device history: device used with 2 different emails in 8 weeks. Then Verify identity document: housing status BA.,device used with 2 different emails in 8 weeks; housing status BA,Review device history; Verify identity document
505718,top_of_queue,0.867,6,HIGH,ACCEPTED_FOR_HUMAN_REVIEW,1,4.41,FRAUD,LEGITIMATE,"Score 0.867, rank 6 in the queue. Flags: housing status BA; device used with 2 different emails in 8 weeks; device OS windows. Start with Review device history: device used with 2 different emails in 8 weeks. Then Verify identity document: housing status BA.",Start with Review device history: device used with 2 different emails in 8 weeks. Then Verify identity document: housing status BA.,device used with 2 different emails in 8 weeks; housing status BA,Review device history; Verify identity document
935358,top_of_queue,0.857,7,HIGH,FALLBACK_TEMPLATE,2,6.71,FRAUD,FRAUD,"Score 0.857, rank 7 in the queue. Flags: housing status BA; credit risk score 316; proposed credit limit $2,000. Assistant note unavailable; review the flags above.",Assistant note unavailable; review the flags above.,"housing status BA; credit risk score 316; proposed credit limit $2,000",Verify identity document
714737,top_of_queue,0.856,8,HIGH,FALLBACK_TEMPLATE,2,7.67,FRAUD,LEGITIMATE,"Score 0.856, rank 8 in the queue. Flags: housing status BA; credit risk score 318; proposed credit limit $2,000. Assistant note unavailable; review the flags above.",Assistant note unavailable; review the flags above.,"housing status BA; credit risk score 318; proposed credit limit $2,000",Verify identity document
804945,top_of_queue,0.854,9,HIGH,ACCEPTED_FOR_HUMAN_REVIEW,1,3.88,FRAUD,FRAUD,"Score 0.854, rank 9 in the queue. Flags: housing status BA; proposed credit limit $2,000; applicant age band 70. Start with Verify identity document: housing status BA. Then Check for linked applications: proposed credit limit $2,000.","Start with Verify identity document: housing status BA. Then Check for linked applications: proposed credit limit $2,000.","housing status BA; proposed credit limit $2,000",Verify identity document; Check for linked applications
447509,top_of_queue,0.853,10,HIGH,ACCEPTED_FOR_HUMAN_REVIEW,1,3.64,FRAUD,FRAUD,"Score 0.853, rank 10 in the queue. Flags: housing status BA; device OS windows; applicant age band 70. Start with Verify identity document: housing status BA. Then Review device history: device OS windows.",Start with Verify identity document: housing status BA. Then Review device history: device OS windows.,housing status BA; device OS windows,Verify identity document; Review device history
702987,top_of_queue,0.85,11,HIGH,ACCEPTED_FOR_HUMAN_REVIEW,1,3.63,FRAUD,FRAUD,"Score 0.85, rank 11 in the queue. Flags: credit risk score 374; housing status BA; device OS windows. Start with Verify identity document: credit risk score 374. Then Check for linked applications: housing status BA.",Start with Verify identity document: credit risk score 374. Then Check for linked applications: housing status BA.,credit risk score 374; housing status BA,Verify identity document; Check for linked applications
935744,top_of_queue,0.85,12,HIGH,FALLBACK_TEMPLATE,2,6.83,FRAUD,FRAUD,"Score 0.85, rank 12 in the queue. Flags: housing status BA; proposed credit limit $2,000; date of birth seen with 1 emails in 4 weeks. Assistant note unavailable; review the flags above.",Assistant note unavailable; review the flags above.,"housing status BA; proposed credit limit $2,000; date of birth seen with 1 emails in 4 weeks",Verify identity document
784781,top_of_queue,0.849,13,HIGH,ACCEPTED_FOR_HUMAN_REVIEW,1,4.42,FRAUD,LEGITIMATE,"Score 0.849, rank 13 in the queue. Flags: housing status BA; device used with 2 different emails in 8 weeks; device OS windows. Start with Review device history: device used with 2 different emails in 8 weeks. Then Verify identity document: housing status BA.",Start with Review device history: device used with 2 different emails in 8 weeks. Then Verify identity document: housing status BA.,device used with 2 different emails in 8 weeks; housing status BA,Review device history; Verify identity document
881966,top_of_queue,0.848,14,HIGH,ACCEPTED_FOR_HUMAN_REVIEW,1,4.36,FRAUD,LEGITIMATE,"Score 0.848, rank 14 in the queue. Flags: housing status BA; proposed credit limit $2,000; device OS windows. Start with Verify identity document: housing status BA. Then Check for linked applications: proposed credit limit $2,000.","Start with Verify identity document: housing status BA. Then Check for linked applications: proposed credit limit $2,000.","housing status BA; proposed credit limit $2,000",Verify identity document; Check for linked applications
632936,top_of_queue,0.844,15,HIGH,ACCEPTED_FOR_HUMAN_REVIEW,1,4.44,FRAUD,FRAUD,"Score 0.844, rank 15 in the queue. Flags: housing status BA; proposed credit limit $2,000; date of birth seen with 2 emails in 4 weeks. Start with Verify identity document: housing status BA. Then Check for linked applications: same-ZIP volume.",Start with Verify identity document: housing status BA. Then Check for linked applications: same-ZIP volume.,"housing status BA; proposed credit limit $2,000; date of birth seen with 2 emails in 4 weeks",Verify identity document; Check for linked applications
503335,top_of_queue,0.844,16,HIGH,ACCEPTED_FOR_HUMAN_REVIEW,1,4.78,FRAUD,LEGITIMATE,"Score 0.844, rank 16 in the queue. Flags: proposed credit limit $2,000; housing status BA; credit risk score 281. Start with Verify identity document: proposed credit limit $2,000. Then Check for linked applications: credit risk score 281.","Start with Verify identity document: proposed credit limit $2,000. Then Check for linked applications: credit risk score 281.","proposed credit limit $2,000; credit risk score 281",Verify identity document; Check for linked applications
632813,top_of_queue,0.843,17,HIGH,ACCEPTED_FOR_HUMAN_REVIEW,1,4.13,FRAUD,FRAUD,"Score 0.843, rank 17 in the queue. Flags: housing status BA; credit risk score 351; date of birth seen with 1 emails in 4 weeks. Start with Verify identity document: housing status BA. Then Check for linked applications: credit risk score 351.",Start with Verify identity document: housing status BA. Then Check for linked applications: credit risk score 351.,housing status BA; credit risk score 351,Verify identity document; Check for linked applications
935498,top_of_queue,0.84,18,HIGH,ACCEPTED_FOR_HUMAN_REVIEW,1,3.63,FRAUD,FRAUD,"Score 0.84, rank 18 in the queue. Flags: housing status BA; credit risk score 338; applicant age band 70. Start with Verify identity document: housing status BA. Then Check for linked applications: credit risk score 338.",Start with Verify identity document: housing status BA. Then Check for linked applications: credit risk score 338.,housing status BA; credit risk score 338,Verify identity document; Check for linked applications
402566,top_of_queue,0.84,19,HIGH,ACCEPTED_FOR_HUMAN_REVIEW,1,4.76,FRAUD,LEGITIMATE,"Score 0.84, rank 19 in the queue. Flags: proposed credit limit $2,000; housing status BA; credit risk score 308. Start with Verify identity document: proposed credit limit $2,000. Then Check for linked applications: credit risk score 308.","Start with Verify identity document: proposed credit limit $2,000. Then Check for linked applications: credit risk score 308.","proposed credit limit $2,000; credit risk score 308",Verify identity document; Check for linked applications
703459,top_of_queue,0.84,20,HIGH,ACCEPTED_FOR_HUMAN_REVIEW,1,4.41,FRAUD,FRAUD,"Score 0.84, rank 20 in the queue. Flags: housing status BA; device used with 2 different emails in 8 weeks; device OS windows. Start with Review device history: device used with 2 different emails in 8 weeks. Then Verify identity document: housing status BA.",Start with Review device history: device used with 2 different emails in 8 weeks. Then Verify identity document: housing status BA.,device used with 2 different emails in 8 weeks; housing status BA,Review device history; Verify identity document
633187,top_of_queue,0.837,21,HIGH,ACCEPTED_FOR_HUMAN_REVIEW,1,4.42,FRAUD,FRAUD,"Score 0.837, rank 21 in the queue. Flags: housing status BA; device used with 2 different emails in 8 weeks; device OS windows. Start with Review device history: device used with 2 different emails in 8 weeks. Then Verify identity document: housing status BA.",Start with Review device history: device used with 2 different emails in 8 weeks. Then Verify identity document: housing status BA.,device used with 2 different emails in 8 weeks; housing status BA,Review device history; Verify identity document
936151,top_of_queue,0.831,22,HIGH,ACCEPTED_FOR_HUMAN_REVIEW,1,4.13,FRAUD,FRAUD,"Score 0.831, rank 22 in the queue. Flags: housing status BA; credit risk score 314; device OS windows. Start with Verify identity document: housing status BA. Then Check for linked applications: credit risk score 314.",Start with Verify identity document: housing status BA. Then Check for linked applications: credit risk score 314.,housing status BA; credit risk score 314,Verify identity document; Check for linked applications
446634,top_of_queue,0.827,23,HIGH,ACCEPTED_FOR_HUMAN_REVIEW,1,3.88,FRAUD,FRAUD,"Score 0.827, rank 23 in the queue. Flags: housing status BA; proposed credit limit $2,000; applicant age band 80. Start with Verify identity document: housing status BA. Then Check for linked applications: proposed credit limit $2,000.","Start with Verify identity document: housing status BA. Then Check for linked applications: proposed credit limit $2,000.","housing status BA; proposed credit limit $2,000",Verify identity document; Check for linked applications
447347,top_of_queue,0.826,24,HIGH,ACCEPTED_FOR_HUMAN_REVIEW,1,4.74,FRAUD,FRAUD,"Score 0.826, rank 24 in the queue. Flags: proposed credit limit $2,000; housing status BA; credit risk score 270. Start with Verify identity document: proposed credit limit $2,000. Then Check for linked applications: credit risk score 270.","Start with Verify identity document: proposed credit limit $2,000. Then Check for linked applications: credit risk score 270.","proposed credit limit $2,000; credit risk score 270",Verify identity document; Check for linked applications
867138,top_of_queue,0.821,25,HIGH,ACCEPTED_FOR_HUMAN_REVIEW,1,4.06,FRAUD,LEGITIMATE,"Score 0.821, rank 25 in the queue. Flags: proposed credit limit $2,000; housing status BA; device used with 2 different emails in 8 weeks. Start with Review device history: device used with 2 different emails in 8 weeks. Then Verify identity document.",Start with Review device history: device used with 2 different emails in 8 weeks. Then Verify identity document.,device used with 2 different emails in 8 weeks,Review device history; Verify identity document
935797,top_of_queue,0.818,26,HIGH,ACCEPTED_FOR_HUMAN_REVIEW,1,4.41,FRAUD,FRAUD,"Score 0.818, rank 26 in the queue. Flags: housing status BA; device used with 2 different emails in 8 weeks; device OS windows. Start with Review device history: device used with 2 different emails in 8 weeks. Then Verify identity document: housing status BA.",Start with Review device history: device used with 2 different emails in 8 weeks. Then Verify identity document: housing status BA.,device used with 2 different emails in 8 weeks; housing status BA,Review device history; Verify identity document
935298,top_of_queue,0.815,27,HIGH,ACCEPTED_FOR_HUMAN_REVIEW,1,4.63,FRAUD,FRAUD,"Score 0.815, rank 27 in the queue. Flags: housing status BA; credit risk score 336; date of birth seen with 2 emails in 4 weeks. Start with Verify identity document: housing status BA. Then Check for linked applications: date of birth seen with 2 emails in 4 weeks.",Start with Verify identity document: housing status BA. Then Check for linked applications: date of birth seen with 2 emails in 4 weeks.,housing status BA; date of birth seen with 2 emails in 4 weeks,Verify identity document; Check for linked applications
703072,top_of_queue,0.814,28,HIGH,ACCEPTED_FOR_HUMAN_REVIEW,1,4.74,FRAUD,FRAUD,"Score 0.814, rank 28 in the queue. Flags: proposed credit limit $2,000; housing status BA; credit risk score 321. Start with Verify identity document: proposed credit limit $2,000. Then Check for linked applications: credit risk score 321.","Start with Verify identity document: proposed credit limit $2,000. Then Check for linked applications: credit risk score 321.","proposed credit limit $2,000; credit risk score 321",Verify identity document; Check for linked applications
703669,top_of_queue,0.814,29,HIGH,ACCEPTED_FOR_HUMAN_REVIEW,1,4.76,FRAUD,FRAUD,"Score 0.814, rank 29 in the queue. Flags: proposed credit limit $2,000; housing status BA; credit risk score 314. Start with Verify identity document: proposed credit limit $2,000. Then Check for linked applications: credit risk score 314.","Start with Verify identity document: proposed credit limit $2,000. Then Check for linked applications: credit risk score 314.","proposed credit limit $2,000; credit risk score 314",Verify identity document; Check for linked applications
447644,top_of_queue,0.81,30,HIGH,ACCEPTED_FOR_HUMAN_REVIEW,1,4.81,FRAUD,FRAUD,"Score 0.81, rank 30 in the queue. Flags: device used with 2 different emails in 8 weeks; housing status BA; credit risk score 304. Start with Review device history: device used with 2 different emails in 8 weeks. Then Verify identity document: credit risk score 304.",Start with Review device history: device used with 2 different emails in 8 weeks. Then Verify identity document: credit risk score 304.,device used with 2 different emails in 8 weeks; credit risk score 304,Review device history; Verify identity document
935974,top_of_queue,0.807,31,HIGH,ACCEPTED_FOR_HUMAN_REVIEW,1,4.36,FRAUD,FRAUD,"Score 0.807, rank 31 in the queue. Flags: proposed credit limit $2,000; housing status BA; device OS windows. Start with Verify identity document: proposed credit limit $2,000. Then Check for linked applications: device OS windows.","Start with Verify identity document: proposed credit limit $2,000. Then Check for linked applications: device OS windows.","proposed credit limit $2,000; device OS windows",Verify identity document; Check for linked applications
597744,top_of_queue,0.803,32,HIGH,ACCEPTED_FOR_HUMAN_REVIEW,1,4.45,FRAUD,LEGITIMATE,"Score 0.803, rank 32 in the queue. Flags: housing status BA; proposed credit limit $2,000; date of birth seen with 2 emails in 4 weeks. Start with Verify identity document: housing status BA. Then Check for linked applications: same-ZIP volume.",Start with Verify identity document: housing status BA. Then Check for linked applications: same-ZIP volume.,"housing status BA; proposed credit limit $2,000; date of birth seen with 2 emails in 4 weeks",Verify identity document; Check for linked applications
633461,top_of_queue,0.803,33,HIGH,ACCEPTED_FOR_HUMAN_REVIEW,1,5.45,FRAUD,FRAUD,"Score 0.803, rank 33 in the queue. Flags: device used with 2 different emails in 8 weeks; housing status BA; date of birth seen with 2 emails in 4 weeks. Start with Review device history: device used with 2 different emails in 8 weeks. Then Verify identity document, since date of birth seen with 2 emails in 4 weeks.","Start with Review device history: device used with 2 different emails in 8 weeks. Then Verify identity document, since date of birth seen with 2 emails in 4 weeks.",device used with 2 different emails in 8 weeks; date of birth seen with 2 emails in 4 weeks,Review device history; Verify identity document
448392,top_of_queue,0.802,34,HIGH,ACCEPTED_FOR_HUMAN_REVIEW,1,4.27,FRAUD,FRAUD,"Score 0.802, rank 34 in the queue. Flags: proposed credit limit $1,900; housing status BA; device OS windows. Start with Verify identity document: proposed credit limit $1,900. Then Review device history: device OS windows.","Start with Verify identity document: proposed credit limit $1,900. Then Review device history: device OS windows.","proposed credit limit $1,900; device OS windows",Verify identity document; Review device history
710284,top_of_queue,0.802,35,HIGH,ACCEPTED_FOR_HUMAN_REVIEW,1,4.75,FRAUD,LEGITIMATE,"Score 0.802, rank 35 in the queue. Flags: proposed credit limit $2,000; housing status BA; credit risk score 310. Start with Verify identity document: proposed credit limit $2,000. Then Check for linked applications: credit risk score 310.","Start with Verify identity document: proposed credit limit $2,000. Then Check for linked applications: credit risk score 310.","proposed credit limit $2,000; credit risk score 310",Verify identity document; Check for linked applications
804661,top_of_queue,0.797,36,HIGH,ACCEPTED_FOR_HUMAN_REVIEW,1,4.12,FRAUD,FRAUD,"Score 0.797, rank 36 in the queue. Flags: housing status BA; device OS windows; income decile 0.9. Start with Verify identity document: housing status BA. Then Check for linked applications: income decile 0.9.",Start with Verify identity document: housing status BA. Then Check for linked applications: income decile 0.9.,housing status BA; income decile 0.9,Verify identity document; Check for linked applications
633648,top_of_queue,0.796,37,HIGH,ACCEPTED_FOR_HUMAN_REVIEW,1,4.41,FRAUD,FRAUD,"Score 0.796, rank 37 in the queue. Flags: housing status BA; device used with 2 different emails in 8 weeks; device OS windows. Start with Review device history: device used with 2 different emails in 8 weeks. Then Verify identity document: housing status BA.",Start with Review device history: device used with 2 different emails in 8 weeks. Then Verify identity document: housing status BA.,device used with 2 different emails in 8 weeks; housing status BA,Review device history; Verify identity document
935235,top_of_queue,0.795,38,HIGH,ACCEPTED_FOR_HUMAN_REVIEW,1,4.21,FRAUD,FRAUD,"Score 0.795, rank 38 in the queue. Flags: housing status BA; device OS windows; device used with 2 different emails in 8 weeks. Start with Review device history: device used with 2 different emails in 8 weeks. Then Verify identity document.",Start with Review device history: device used with 2 different emails in 8 weeks. Then Verify identity document.,device used with 2 different emails in 8 weeks; housing status BA,Review device history; Verify identity document
425094,top_of_queue,0.795,39,HIGH,ACCEPTED_FOR_HUMAN_REVIEW,1,3.64,FRAUD,LEGITIMATE,"Score 0.795, rank 39 in the queue. Flags: housing status BA; credit risk score 305; proposed credit limit $1,900. Start with Verify identity document: housing status BA. Then Check for linked applications: same-ZIP volume.",Start with Verify identity document: housing status BA. Then Check for linked applications: same-ZIP volume.,"housing status BA; proposed credit limit $1,900",Verify identity document; Check for linked applications
447080,top_of_queue,0.795,40,HIGH,ACCEPTED_FOR_HUMAN_REVIEW,1,4.43,FRAUD,FRAUD,"Score 0.795, rank 40 in the queue. Flags: housing status BA; device used with 2 different emails in 8 weeks; device OS windows. Start with Review device history: device used with 2 different emails in 8 weeks. Then Verify identity document: housing status BA.",Start with Review device history: device used with 2 different emails in 8 weeks. Then Verify identity document: housing status BA.,device used with 2 different emails in 8 weeks; housing status BA,Review device history; Verify identity document
446610,top_of_queue,0.791,41,HIGH,ACCEPTED_FOR_HUMAN_REVIEW,1,4.36,FRAUD,FRAUD,"Score 0.791, rank 41 in the queue. Flags: proposed credit limit $2,000; housing status BA; device OS windows. Start with Verify identity document: proposed credit limit $2,000. Then Check for linked applications: device OS windows.","Start with Verify identity document: proposed credit limit $2,000. Then Check for linked applications: device OS windows.","proposed credit limit $2,000; device OS windows",Verify identity document; Check for linked applications
702926,top_of_queue,0.791,42,HIGH,ACCEPTED_FOR_HUMAN_REVIEW,1,4.11,FRAUD,FRAUD,"Score 0.791, rank 42 in the queue. Flags: housing status BA; income decile 0.9; device OS windows. Start with Verify identity document: housing status BA. Then Check for linked applications: income decile 0.9.",Start with Verify identity document: housing status BA. Then Check for linked applications: income decile 0.9.,housing status BA; income decile 0.9,Verify identity document; Check for linked applications
448332,top_of_queue,0.789,43,HIGH,ACCEPTED_FOR_HUMAN_REVIEW,1,4.1,FRAUD,FRAUD,"Score 0.789, rank 43 in the queue. Flags: housing status BA; proposed credit limit $2,000; credit risk score 276. Start with Verify identity document: housing status BA. Then Check for linked applications: same-ZIP volume.",Start with Verify identity document: housing status BA. Then Check for linked applications: same-ZIP volume.,"housing status BA; proposed credit limit $2,000; credit risk score 276",Verify identity document; Check for linked applications
806325,top_of_queue,0.789,44,HIGH,ACCEPTED_FOR_HUMAN_REVIEW,1,4.41,FRAUD,FRAUD,"Score 0.789, rank 44 in the queue. Flags: housing status BA; device used with 2 different emails in 8 weeks; device OS windows. Start with Review device history: device used with 2 different emails in 8 weeks. Then Verify identity document: housing status BA.",Start with Review device history: device used with 2 different emails in 8 weeks. Then Verify identity document: housing status BA.,device used with 2 different emails in 8 weeks; housing status BA,Review device history; Verify identity document
935742,top_of_queue,0.788,45,HIGH,ACCEPTED_FOR_HUMAN_REVIEW,1,4.11,FRAUD,FRAUD,"Score 0.788, rank 45 in the queue. Flags: housing status BA; credit risk score 332; device OS windows. Start with Verify identity document: housing status BA. Then Check for linked applications: credit risk score 332.",Start with Verify identity document: housing status BA. Then Check for linked applications: credit risk score 332.,housing status BA; credit risk score 332,Verify identity document; Check for linked applications
936100,top_of_queue,0.788,46,HIGH,ACCEPTED_FOR_HUMAN_REVIEW,1,3.89,FRAUD,FRAUD,"Score 0.788, rank 46 in the queue. Flags: housing status BA; proposed credit limit $2,000; date of birth seen with 1 emails in 4 weeks. Start with Verify identity document: housing status BA. Then Check for linked applications: proposed credit limit $2,000.","Start with Verify identity document: housing status BA. Then Check for linked applications: proposed credit limit $2,000.","housing status BA; proposed credit limit $2,000",Verify identity document; Check for linked applications
884964,top_of_queue,0.787,47,HIGH,ACCEPTED_FOR_HUMAN_REVIEW,1,4.36,FRAUD,LEGITIMATE,"Score 0.787, rank 47 in the queue. Flags: housing status BA; proposed credit limit $2,000; device OS windows. Start with Verify identity document: housing status BA. Then Check for linked applications: proposed credit limit $2,000.","Start with Verify identity document: housing status BA. Then Check for linked applications: proposed credit limit $2,000.","housing status BA; proposed credit limit $2,000",Verify identity document; Check for linked applications
632857,top_of_queue,0.787,48,HIGH,ACCEPTED_FOR_HUMAN_REVIEW,1,4.61,FRAUD,FRAUD,"Score 0.787, rank 48 in the queue. Flags: housing status BA; credit risk score 306; date of birth seen with 2 emails in 4 weeks. Start with Verify identity document: housing status BA. Then Check for linked applications: date of birth seen with 2 emails in 4 weeks.",Start with Verify identity document: housing status BA. Then Check for linked applications: date of birth seen with 2 emails in 4 weeks.,housing status BA; date of birth seen with 2 emails in 4 weeks,Verify identity document; Check for linked applications
935381,top_of_queue,0.785,49,HIGH,ACCEPTED_FOR_HUMAN_REVIEW,1,4.36,FRAUD,FRAUD,"Score 0.785, rank 49 in the queue. Flags: housing status BA; proposed credit limit $2,000; device OS windows. Start with Verify identity document: housing status BA. Then Check for linked applications: proposed credit limit $2,000.","Start with Verify identity document: housing status BA. Then Check for linked applications: proposed credit limit $2,000.","housing status BA; proposed credit limit $2,000",Verify identity document; Check for linked applications
633195,top_of_queue,0.782,50,HIGH,ACCEPTED_FOR_HUMAN_REVIEW,1,3.88,FRAUD,FRAUD,"Score 0.782, rank 50 in the queue. Flags: proposed credit limit $2,000; housing status BA; income decile 0.9. Start with Verify identity document: proposed credit limit $2,000. Then Check for linked applications: housing status BA.","Start with Verify identity document: proposed credit limit $2,000. Then Check for linked applications: housing status BA.","proposed credit limit $2,000; housing status BA",Verify identity document; Check for linked applications
935795,top_of_queue,0.781,51,HIGH,ACCEPTED_FOR_HUMAN_REVIEW,1,4.21,FRAUD,FRAUD,"Score 0.781, rank 51 in the queue. Flags: housing status BA; device OS windows; device used with 2 different emails in 8 weeks. Start with Review device history: device used with 2 different emails in 8 weeks. Then Verify identity document.",Start with Review device history: device used with 2 different emails in 8 weeks. Then Verify identity document.,device used with 2 different emails in 8 weeks; housing status BA,Review device history; Verify identity document
702724,top_of_queue,0.781,52,HIGH,ACCEPTED_FOR_HUMAN_REVIEW,1,4.4,FRAUD,FRAUD,"Score 0.781, rank 52 in the queue. Flags: housing status BA; device used with 2 different emails in 8 weeks; device OS windows. Start with Review device history: device used with 2 different emails in 8 weeks. Then Verify identity document: housing status BA.",Start with Review device history: device used with 2 different emails in 8 weeks. Then Verify identity document: housing status BA.,device used with 2 different emails in 8 weeks; housing status BA,Review device history; Verify identity document
410004,top_of_queue,0.779,53,HIGH,ACCEPTED_FOR_HUMAN_REVIEW,1,4.36,FRAUD,LEGITIMATE,"Score 0.779, rank 53 in the queue. Flags: proposed credit limit $2,000; housing status BA; device OS windows. Start with Verify identity document: proposed credit limit $2,000. Then Check for linked applications: device OS windows.","Start with Verify identity document: proposed credit limit $2,000. Then Check for linked applications: device OS windows.","proposed credit limit $2,000; device OS windows",Verify identity document; Check for linked applications
935496,top_of_queue,0.777,54,HIGH,ACCEPTED_FOR_HUMAN_REVIEW,1,3.88,FRAUD,FRAUD,"Score 0.777, rank 54 in the queue. Flags: housing status BA; proposed credit limit $1,900; credit risk score 278. Start with Verify identity document: housing status BA. Then Check for linked applications: proposed credit limit $1,900.","Start with Verify identity document: housing status BA. Then Check for linked applications: proposed credit limit $1,900.","housing status BA; proposed credit limit $1,900",Verify identity document; Check for linked applications
935217,top_of_queue,0.772,55,HIGH,ACCEPTED_FOR_HUMAN_REVIEW,1,4.36,FRAUD,FRAUD,"Score 0.772, rank 55 in the queue. Flags: housing status BA; proposed credit limit $2,000; device OS windows. Start with Verify identity document: housing status BA. Then Check for linked applications: proposed credit limit $2,000.","Start with Verify identity document: housing status BA. Then Check for linked applications: proposed credit limit $2,000.","housing status BA; proposed credit limit $2,000",Verify identity document; Check for linked applications
446693,top_of_queue,0.771,56,HIGH,ACCEPTED_FOR_HUMAN_REVIEW,1,4.41,FRAUD,FRAUD,"Score 0.771, rank 56 in the queue. Flags: housing status BA; device used with 2 different emails in 8 weeks; device OS windows. Start with Review device history: device used with 2 different emails in 8 weeks. Then Verify identity document: housing status BA.",Start with Review device history: device used with 2 different emails in 8 weeks. Then Verify identity document: housing status BA.,device used with 2 different emails in 8 weeks; housing status BA,Review device history; Verify identity document
805574,top_of_queue,0.77,57,HIGH,ACCEPTED_FOR_HUMAN_REVIEW,1,4.38,FRAUD,FRAUD,"Score 0.77, rank 57 in the queue. Flags: proposed credit limit $2,000; housing status BA; device OS windows. Start with Verify identity document: proposed credit limit $2,000. Then Check for linked applications: device OS windows.","Start with Verify identity document: proposed credit limit $2,000. Then Check for linked applications: device OS windows.","proposed credit limit $2,000; device OS windows",Verify identity document; Check for linked applications
804668,top_of_queue,0.77,58,HIGH,ACCEPTED_FOR_HUMAN_REVIEW,1,4.36,FRAUD,FRAUD,"Score 0.77, rank 58 in the queue. Flags: housing status BA; proposed credit limit $2,000; device OS windows. Start with Verify identity document: housing status BA. Then Check for linked applications: proposed credit limit $2,000.","Start with Verify identity document: housing status BA. Then Check for linked applications: proposed credit limit $2,000.","housing status BA; proposed credit limit $2,000",Verify identity document; Check for linked applications
471246,top_of_queue,0.769,59,HIGH,ACCEPTED_FOR_HUMAN_REVIEW,1,3.88,FRAUD,LEGITIMATE,"Score 0.769, rank 59 in the queue. Flags: housing status BA; proposed credit limit $1,900; credit risk score 335. Start with Verify identity document: housing status BA. Then Check for linked applications: proposed credit limit $1,900.","Start with Verify identity document: housing status BA. Then Check for linked applications: proposed credit limit $1,900.","housing status BA; proposed credit limit $1,900",Verify identity document; Check for linked applications
446791,top_of_queue,0.768,60,HIGH,ACCEPTED_FOR_HUMAN_REVIEW,1,4.75,FRAUD,FRAUD,"Score 0.768, rank 60 in the queue. Flags: proposed credit limit $2,000; housing status BA; credit risk score 275. Start with Verify identity document: proposed credit limit $2,000. Then Check for linked applications: credit risk score 275.","Start with Verify identity document: proposed credit limit $2,000. Then Check for linked applications: credit risk score 275.","proposed credit limit $2,000; credit risk score 275",Verify identity document; Check for linked applications
805162,top_of_queue,0.768,61,HIGH,ACCEPTED_FOR_HUMAN_REVIEW,1,5.45,FRAUD,FRAUD,"Score 0.768, rank 61 in the queue. Flags: device used with 2 different emails in 8 weeks; housing status BA; date of birth seen with 2 emails in 4 weeks. Start with Review device history: device used with 2 different emails in 8 weeks. Then Verify identity document, since date of birth seen with 2 emails in 4 weeks.","Start with Review device history: device used with 2 different emails in 8 weeks. Then Verify identity document, since date of birth seen with 2 emails in 4 weeks.",device used with 2 different emails in 8 weeks; date of birth seen with 2 emails in 4 weeks,Review device history; Verify identity document
858905,top_of_queue,0.767,62,HIGH,ACCEPTED_FOR_HUMAN_REVIEW,1,4.36,FRAUD,LEGITIMATE,"Score 0.767, rank 62 in the queue. Flags: housing status BA; proposed credit limit $2,000; device OS windows. Start with Verify identity document: housing status BA. Then Check for linked applications: proposed credit limit $2,000.","Start with Verify identity document: housing status BA. Then Check for linked applications: proposed credit limit $2,000.","housing status BA; proposed credit limit $2,000",Verify identity document; Check for linked applications
446995,top_of_queue,0.767,63,HIGH,ACCEPTED_FOR_HUMAN_REVIEW,1,4.75,FRAUD,FRAUD,"Score 0.767, rank 63 in the queue. Flags: proposed credit limit $2,000; housing status BA; credit risk score 274. Start with Verify identity document: proposed credit limit $2,000. Then Check for linked applications: credit risk score 274.","Start with Verify identity document: proposed credit limit $2,000. Then Check for linked applications: credit risk score 274.","proposed credit limit $2,000; credit risk score 274",Verify identity document; Check for linked applications
571748,top_of_queue,0.767,64,HIGH,ACCEPTED_FOR_HUMAN_REVIEW,1,4.36,FRAUD,LEGITIMATE,"Score 0.767, rank 64 in the queue. Flags: housing status BA; proposed credit limit $2,000; device OS windows. Start with Verify identity document: housing status BA. Then Check for linked applications: proposed credit limit $2,000.","Start with Verify identity document: housing status BA. Then Check for linked applications: proposed credit limit $2,000.","housing status BA; proposed credit limit $2,000",Verify identity document; Check for linked applications
805213,top_of_queue,0.764,65,HIGH,ACCEPTED_FOR_HUMAN_REVIEW,1,4.36,FRAUD,FRAUD,"Score 0.764, rank 65 in the queue. Flags: proposed credit limit $2,000; housing status BA; device OS windows. Start with Verify identity document: proposed credit limit $2,000. Then Check for linked applications: device OS windows.","Start with Verify identity document: proposed credit limit $2,000. Then Check for linked applications: device OS windows.","proposed credit limit $2,000; device OS windows",Verify identity document; Check for linked applications
725631,top_of_queue,0.764,66,HIGH,ACCEPTED_FOR_HUMAN_REVIEW,1,3.87,FRAUD,LEGITIMATE,"Score 0.764, rank 66 in the queue. Flags: proposed credit limit $2,000; housing status BA; income decile 0.9. Start with Verify identity document: proposed credit limit $2,000. Then Check for linked applications: housing status BA.","Start with Verify identity document: proposed credit limit $2,000. Then Check for linked applications: housing status BA.","proposed credit limit $2,000; housing status BA",Verify identity document; Check for linked applications
805409,top_of_queue,0.763,67,HIGH,ACCEPTED_FOR_HUMAN_REVIEW,1,4.76,FRAUD,FRAUD,"Score 0.763, rank 67 in the queue. Flags: proposed credit limit $2,000; housing status BA; credit risk score 292. Start with Verify identity document: proposed credit limit $2,000. Then Check for linked applications: credit risk score 292.","Start with Verify identity document: proposed credit limit $2,000. Then Check for linked applications: credit risk score 292.","proposed credit limit $2,000; credit risk score 292",Verify identity document; Check for linked applications
703722,top_of_queue,0.763,68,HIGH,ACCEPTED_FOR_HUMAN_REVIEW,1,4.12,FRAUD,FRAUD,"Score 0.763, rank 68 in the queue. Flags: credit risk score 280; housing status BA; date of birth seen with 1 emails in 4 weeks. Start with Verify identity document: credit risk score 280. Then Check for linked applications: housing status BA.",Start with Verify identity document: credit risk score 280. Then Check for linked applications: housing status BA.,credit risk score 280; housing status BA,Verify identity document; Check for linked applications
806406,top_of_queue,0.762,69,HIGH,ACCEPTED_FOR_HUMAN_REVIEW,1,4.15,FRAUD,FRAUD,"Score 0.762, rank 69 in the queue. Flags: housing status BA; credit risk score 298; device OS windows. Start with Verify identity document: housing status BA. Then Check for linked applications: credit risk score 298.",Start with Verify identity document: housing status BA. Then Check for linked applications: credit risk score 298.,housing status BA; credit risk score 298,Verify identity document; Check for linked applications
448619,top_of_queue,0.76,70,HIGH,ACCEPTED_FOR_HUMAN_REVIEW,1,4.76,FRAUD,FRAUD,"Score 0.76, rank 70 in the queue. Flags: proposed credit limit $2,000; housing status BA; credit risk score 281. Start with Verify identity document: proposed credit limit $2,000. Then Check for linked applications: credit risk score 281.","Start with Verify identity document: proposed credit limit $2,000. Then Check for linked applications: credit risk score 281.","proposed credit limit $2,000; credit risk score 281",Verify identity document; Check for linked applications
670552,top_of_queue,0.759,71,HIGH,ACCEPTED_FOR_HUMAN_REVIEW,1,5.71,FRAUD,LEGITIMATE,"Score 0.759, rank 71 in the queue. Flags: housing status BA; device used with 2 different emails in 8 weeks; name and email don't match (similarity 0.12). Start with Review device history: device used with 2 different emails in 8 weeks. Then Verify identity document, since name and email don't match (similarity 0.12).","Start with Review device history: device used with 2 different emails in 8 weeks. Then Verify identity document, since name and email don't match (similarity 0.12).",device used with 2 different emails in 8 weeks; name and email don't match (similarity 0.12),Review device history; Verify identity document
446961,top_of_queue,0.756,72,HIGH,ACCEPTED_FOR_HUMAN_REVIEW,1,4.8,FRAUD,FRAUD,"Score 0.756, rank 72 in the queue. Flags: device used with 2 different emails in 8 weeks; housing status BA; credit risk score 289. Start with Review device history: device used with 2 different emails in 8 weeks. Then Verify identity document: credit risk score 289.",Start with Review device history: device used with 2 different emails in 8 weeks. Then Verify identity document: credit risk score 289.,device used with 2 different emails in 8 weeks; credit risk score 289,Review device history; Verify identity document
633256,top_of_queue,0.756,73,HIGH,ACCEPTED_FOR_HUMAN_REVIEW,1,3.88,FRAUD,FRAUD,"Score 0.756, rank 73 in the queue. Flags: proposed credit limit $2,000; housing status BA; income decile 0.9. Start with Verify identity document: proposed credit limit $2,000. Then Check for linked applications: housing status BA.","Start with Verify identity document: proposed credit limit $2,000. Then Check for linked applications: housing status BA.","proposed credit limit $2,000; housing status BA",Verify identity document; Check for linked applications
806400,top_of_queue,0.756,74,HIGH,ACCEPTED_FOR_HUMAN_REVIEW,1,4.6,FRAUD,FRAUD,"Score 0.756, rank 74 in the queue. Flags: housing status BA; proposed credit limit $2,000; credit risk score 283. Start with Verify identity document: housing status BA. Then Check for linked applications: same-ZIP volume.",Start with Verify identity document: housing status BA. Then Check for linked applications: same-ZIP volume.,"housing status BA; proposed credit limit $2,000; credit risk score 283",Verify identity document; Check for linked applications
632231,top_of_queue,0.753,75,HIGH,ACCEPTED_FOR_HUMAN_REVIEW,1,4.12,FRAUD,FRAUD,"Score 0.753, rank 75 in the queue. Flags: housing status BA; credit risk score 306; device OS windows. Start with Verify identity document: housing status BA. Then Check for linked applications: credit risk score 306.",Start with Verify identity document: housing status BA. Then Check for linked applications: credit risk score 306.,housing status BA; credit risk score 306,Verify identity document; Check for linked applications
805415,top_of_queue,0.753,76,HIGH,ACCEPTED_FOR_HUMAN_REVIEW,1,4.36,FRAUD,FRAUD,"Score 0.753, rank 76 in the queue. Flags: housing status BA; proposed credit limit $2,000; device OS windows. Start with Verify identity document: housing status BA. Then Check for linked applications: proposed credit limit $2,000.","Start with Verify identity document: housing status BA. Then Check for linked applications: proposed credit limit $2,000.","housing status BA; proposed credit limit $2,000",Verify identity document; Check for linked applications
703156,top_of_queue,0.752,77,HIGH,ACCEPTED_FOR_HUMAN_REVIEW,1,4.44,FRAUD,FRAUD,"Score 0.752, rank 77 in the queue. Flags: housing status BA; proposed credit limit $2,000; date of birth seen with 2 emails in 4 weeks. Start with Verify identity document: housing status BA. Then Check for linked applications: same-ZIP volume.",Start with Verify identity document: housing status BA. Then Check for linked applications: same-ZIP volume.,"housing status BA; proposed credit limit $2,000; date of birth seen with 2 emails in 4 weeks",Verify identity document; Check for linked applications
699890,top_of_queue,0.751,78,HIGH,ACCEPTED_FOR_HUMAN_REVIEW,1,5.69,FRAUD,FRAUD,"Score 0.751, rank 78 in the queue. Flags: housing status BA; device used with 2 different emails in 8 weeks; name and email don't match (similarity 0.09). Start with Review device history: device used with 2 different emails in 8 weeks. Then Verify identity document, since name and email don't match (similarity 0.09).","Start with Review device history: device used with 2 different emails in 8 weeks. Then Verify identity document, since name and email don't match (similarity 0.09).",device used with 2 different emails in 8 weeks; name and email don't match (similarity 0.09),Review device history; Verify identity document
447538,top_of_queue,0.749,79,HIGH,ACCEPTED_FOR_HUMAN_REVIEW,1,5.4,FRAUD,FRAUD,"Score 0.749, rank 79 in the queue. Flags: housing status BA; device used with 2 different emails in 8 weeks; date of birth seen with 0 emails in 4 weeks. Start with Review device history: device used with 2 different emails in 8 weeks. Then Verify identity document: date of birth seen with 0 emails in 4 weeks.",Start with Review device history: device used with 2 different emails in 8 weeks. Then Verify identity document: date of birth seen with 0 emails in 4 weeks.,device used with 2 different emails in 8 weeks; date of birth seen with 0 emails in 4 weeks,Review device history; Verify identity document
916018,top_of_queue,0.748,80,HIGH,ACCEPTED_FOR_HUMAN_REVIEW,1,4.11,FRAUD,LEGITIMATE,"Score 0.748, rank 80 in the queue. Flags: housing status BA; credit risk score 299; device OS windows. Start with Verify identity document: housing status BA. Then Check for linked applications: credit risk score 299.",Start with Verify identity document: housing status BA. Then Check for linked applications: credit risk score 299.,housing status BA; credit risk score 299,Verify identity document; Check for linked applications
754858,top_of_queue,0.747,81,HIGH,ACCEPTED_FOR_HUMAN_REVIEW,1,4.12,FRAUD,LEGITIMATE,"Score 0.747, rank 81 in the queue. Flags: housing status BA; income decile 0.9; device OS windows. Start with Verify identity document: housing status BA. Then Check for linked applications: income decile 0.9.",Start with Verify identity document: housing status BA. Then Check for linked applications: income decile 0.9.,housing status BA; income decile 0.9,Verify identity document; Check for linked applications
752803,top_of_queue,0.747,82,HIGH,ACCEPTED_FOR_HUMAN_REVIEW,1,4.41,FRAUD,LEGITIMATE,"Score 0.747, rank 82 in the queue. Flags: housing status BA; device used with 2 different emails in 8 weeks; device OS windows. Start with Review device history: device used with 2 different emails in 8 weeks. Then Verify identity document: housing status BA.",Start with Review device history: device used with 2 different emails in 8 weeks. Then Verify identity document: housing status BA.,device used with 2 different emails in 8 weeks; housing status BA,Review device history; Verify identity document
632143,top_of_queue,0.746,83,HIGH,ACCEPTED_FOR_HUMAN_REVIEW,1,3.64,FRAUD,FRAUD,"Score 0.746, rank 83 in the queue. Flags: housing status BA; credit risk score 304; proposed credit limit $2,000. Start with Verify identity document: housing status BA. Then Check for linked applications: credit risk score 304.",Start with Verify identity document: housing status BA. Then Check for linked applications: credit risk score 304.,housing status BA; credit risk score 304,Verify identity document; Check for linked applications
446640,top_of_queue,0.743,84,HIGH,ACCEPTED_FOR_HUMAN_REVIEW,1,4.63,FRAUD,FRAUD,"Score 0.743, rank 84 in the queue. Flags: housing status BA; proposed credit limit $2,000; credit risk score 306. Start with Verify identity document: housing status BA. Then Check for linked applications: same-ZIP volume.",Start with Verify identity document: housing status BA. Then Check for linked applications: same-ZIP volume.,"housing status BA; proposed credit limit $2,000; credit risk score 306",Verify identity document; Check for linked applications
446983,top_of_queue,0.742,85,HIGH,ACCEPTED_FOR_HUMAN_REVIEW,1,4.6,FRAUD,FRAUD,"Score 0.742, rank 85 in the queue. Flags: housing status BA; proposed credit limit $2,000; credit risk score 278. Start with Verify identity document: housing status BA. Then Check for linked applications: same-ZIP volume.",Start with Verify identity document: housing status BA. Then Check for linked applications: same-ZIP volume.,"housing status BA; proposed credit limit $2,000; credit risk score 278",Verify identity document; Check for linked applications
709136,top_of_queue,0.742,86,HIGH,ACCEPTED_FOR_HUMAN_REVIEW,1,4.61,FRAUD,LEGITIMATE,"Score 0.742, rank 86 in the queue. Flags: housing status BA; proposed credit limit $2,000; credit risk score 338. Start with Verify identity document: housing status BA. Then Check for linked applications: same-ZIP volume.",Start with Verify identity document: housing status BA. Then Check for linked applications: same-ZIP volume.,"housing status BA; proposed credit limit $2,000; credit risk score 338",Verify identity document; Check for linked applications
446939,top_of_queue,0.742,87,HIGH,ACCEPTED_FOR_HUMAN_REVIEW,1,4.35,FRAUD,FRAUD,"Score 0.742, rank 87 in the queue. Flags: housing status BA; proposed credit limit $2,000; device OS windows. Start with Verify identity document: housing status BA. Then Check for linked applications: proposed credit limit $2,000.","Start with Verify identity document: housing status BA. Then Check for linked applications: proposed credit limit $2,000.","housing status BA; proposed credit limit $2,000",Verify identity document; Check for linked applications
703666,top_of_queue,0.742,88,HIGH,ACCEPTED_FOR_HUMAN_REVIEW,1,4.06,FRAUD,FRAUD,"Score 0.742, rank 88 in the queue. Flags: proposed credit limit $2,000; housing status BA; device used with 2 different emails in 8 weeks. Start with Review device history: device used with 2 different emails in 8 weeks. Then Verify identity document.",Start with Review device history: device used with 2 different emails in 8 weeks. Then Verify identity document.,device used with 2 different emails in 8 weeks,Review device history; Verify identity document
632919,top_of_queue,0.741,89,HIGH,ACCEPTED_FOR_HUMAN_REVIEW,1,4.35,FRAUD,FRAUD,"Score 0.741, rank 89 in the queue. Flags: proposed credit limit $2,000; housing status BA; device OS windows. Start with Verify identity document: proposed credit limit $2,000. Then Check for linked applications: device OS windows.","Start with Verify identity document: proposed credit limit $2,000. Then Check for linked applications: device OS windows.","proposed credit limit $2,000; device OS windows",Verify identity document; Check for linked applications
703135,top_of_queue,0.74,90,HIGH,ACCEPTED_FOR_HUMAN_REVIEW,1,4.07,FRAUD,FRAUD,"Score 0.74, rank 90 in the queue. Flags: housing status BA; proposed credit limit $2,000; credit risk score 283. Start with Verify identity document: housing status BA. Then Check for linked applications: same-ZIP volume.",Start with Verify identity document: housing status BA. Then Check for linked applications: same-ZIP volume.,"housing status BA; proposed credit limit $2,000; credit risk score 283",Verify identity document; Check for linked applications
703708,top_of_queue,0.737,91,HIGH,FALLBACK_TEMPLATE,2,7.66,FRAUD,FRAUD,"Score 0.737, rank 91 in the queue. Flags: housing status BA; credit risk score 344; proposed credit limit $2,000. Assistant note unavailable; review the flags above.",Assistant note unavailable; review the flags above.,"housing status BA; credit risk score 344; proposed credit limit $2,000",Verify identity document
596946,top_of_queue,0.737,92,HIGH,ACCEPTED_FOR_HUMAN_REVIEW,1,4.31,FRAUD,LEGITIMATE,"Score 0.737, rank 92 in the queue. Flags: device used with 2 different emails in 8 weeks; housing status BA; device OS windows. Start with Review device history: device used with 2 different emails in 8 weeks. Then Verify address: housing status BA.",Start with Review device history: device used with 2 different emails in 8 weeks. Then Verify address: housing status BA.,device used with 2 different emails in 8 weeks; housing status BA,Review device history; Verify address
632819,top_of_queue,0.733,93,HIGH,ACCEPTED_FOR_HUMAN_REVIEW,1,4.36,FRAUD,FRAUD,"Score 0.733, rank 93 in the queue. Flags: proposed credit limit $2,000; housing status BA; device OS windows. Start with Verify identity document: proposed credit limit $2,000. Then Check for linked applications: device OS windows.","Start with Verify identity document: proposed credit limit $2,000. Then Check for linked applications: device OS windows.","proposed credit limit $2,000; device OS windows",Verify identity document; Check for linked applications
978531,top_of_queue,0.731,94,HIGH,ACCEPTED_FOR_HUMAN_REVIEW,1,4.07,FRAUD,LEGITIMATE,"Score 0.731, rank 94 in the queue. Flags: housing status BA; credit risk score 274; proposed credit limit $2,000. Start with Verify identity document: housing status BA. Then Check for linked applications: same-ZIP volume.",Start with Verify identity document: housing status BA. Then Check for linked applications: same-ZIP volume.,"housing status BA; credit risk score 274; proposed credit limit $2,000",Verify identity document; Check for linked applications
632100,top_of_queue,0.729,95,HIGH,ACCEPTED_FOR_HUMAN_REVIEW,1,4.7,FRAUD,FRAUD,"Score 0.729, rank 95 in the queue. Flags: housing status BA; credit risk score 320; device used with 2 different emails in 8 weeks. Start with Review device history: device used with 2 different emails in 8 weeks. Then Verify identity document.",Start with Review device history: device used with 2 different emails in 8 weeks. Then Verify identity document.,housing status BA; credit risk score 320; device used with 2 different emails in 8 weeks,Review device history; Verify identity document
488016,top_of_queue,0.727,96,HIGH,ACCEPTED_FOR_HUMAN_REVIEW,1,4.12,FRAUD,LEGITIMATE,"Score 0.727, rank 96 in the queue. Flags: housing status BA; device OS windows; credit risk score 311. Start with Verify identity document: housing status BA. Then Check for linked applications: credit risk score 311.",Start with Verify identity document: housing status BA. Then Check for linked applications: credit risk score 311.,housing status BA; credit risk score 311,Verify identity document; Check for linked applications
447103,top_of_queue,0.725,97,HIGH,ACCEPTED_FOR_HUMAN_REVIEW,1,5.43,FRAUD,FRAUD,"Score 0.725, rank 97 in the queue. Flags: housing status BA; device used with 2 different emails in 8 weeks; date of birth seen with 1 emails in 4 weeks. Start with Review device history: device used with 2 different emails in 8 weeks. Then Verify identity document: date of birth seen with 1 email in 4 weeks.",Start with Review device history: device used with 2 different emails in 8 weeks. Then Verify identity document: date of birth seen with 1 email in 4 weeks.,device used with 2 different emails in 8 weeks; date of birth seen with 1 emails in 4 weeks,Review device history; Verify identity document
633039,top_of_queue,0.723,98,HIGH,ACCEPTED_FOR_HUMAN_REVIEW,1,5.84,FRAUD,FRAUD,"Score 0.723, rank 98 in the queue. Flags: housing status BA; date of birth seen with 2 emails in 4 weeks; name and email don't match (similarity 0.14). Start with Verify identity document: housing status BA. Then Verify phone number, since date of birth seen with 2 emails in 4 weeks.","Start with Verify identity document: housing status BA. Then Verify phone number, since date of birth seen with 2 emails in 4 weeks.",housing status BA; date of birth seen with 2 emails in 4 weeks; name and email don't match (similarity 0.14),Verify identity document; Verify phone number; Check for linked applications
490643,top_of_queue,0.722,99,HIGH,ACCEPTED_FOR_HUMAN_REVIEW,1,4.36,FRAUD,LEGITIMATE,"Score 0.722, rank 99 in the queue. Flags: proposed credit limit $2,000; housing status BA; device OS windows. Start with Verify identity document: proposed credit limit $2,000. Then Check for linked applications: device OS windows.","Start with Verify identity document: proposed credit limit $2,000. Then Check for linked applications: device OS windows.","proposed credit limit $2,000; device OS windows",Verify identity document; Check for linked applications
523146,top_of_queue,0.721,100,HIGH,ACCEPTED_FOR_HUMAN_REVIEW,1,4.6,FRAUD,LEGITIMATE,"Score 0.721, rank 100 in the queue. Flags: housing status BA; proposed credit limit $2,000; credit risk score 286. Start with Verify identity document: housing status BA. Then Check for linked applications: same-ZIP volume.",Start with Verify identity document: housing status BA. Then Check for linked applications: same-ZIP volume.,"housing status BA; proposed credit limit $2,000; credit risk score 286",Verify identity document; Check for linked applications
805282,top_of_queue,0.721,101,HIGH,ACCEPTED_FOR_HUMAN_REVIEW,1,4.7,FRAUD,FRAUD,"Score 0.721, rank 101 in the queue. Flags: housing status BA; credit risk score 331; device used with 2 different emails in 8 weeks. Start with Review device history: device used with 2 different emails in 8 weeks. Then Verify identity document.",Start with Review device history: device used with 2 different emails in 8 weeks. Then Verify identity document.,housing status BA; credit risk score 331; device used with 2 different emails in 8 weeks,Review device history; Verify identity document
805550,top_of_queue,0.719,102,HIGH,ACCEPTED_FOR_HUMAN_REVIEW,1,3.68,FRAUD,FRAUD,"Score 0.719, rank 102 in the queue. Flags: housing status BA; proposed credit limit $1,900; device OS windows. Start with Review device history: device OS windows. Then Verify identity document, since housing status BA.","Start with Review device history: device OS windows. Then Verify identity document, since housing status BA.",housing status BA; device OS windows,Review device history; Verify identity document
448542,top_of_queue,0.719,103,HIGH,ACCEPTED_FOR_HUMAN_REVIEW,1,4.05,FRAUD,FRAUD,"Score 0.719, rank 103 in the queue. Flags: housing status BA; proposed credit limit $2,000; device used with 2 different emails in 8 weeks. Start with Review device history: device used with 2 different emails in 8 weeks. Then Verify identity document.",Start with Review device history: device used with 2 different emails in 8 weeks. Then Verify identity document.,device used with 2 different emails in 8 weeks,Review device history; Verify identity document
805306,top_of_queue,0.718,104,HIGH,ACCEPTED_FOR_HUMAN_REVIEW,1,5.28,FRAUD,FRAUD,"Score 0.718, rank 104 in the queue. Flags: housing status BA; device used with 2 different emails in 8 weeks; credit risk score 310. Start with Review device history: device used with 2 different emails in 8 weeks. Then Verify identity document: housing status BA, credit risk score 310.","Start with Review device history: device used with 2 different emails in 8 weeks. Then Verify identity document: housing status BA, credit risk score 310.",device used with 2 different emails in 8 weeks; housing status BA; credit risk score 310,Review device history; Verify identity document
702812,top_of_queue,0.717,105,HIGH,ACCEPTED_FOR_HUMAN_REVIEW,1,4.4,FRAUD,FRAUD,"Score 0.717, rank 105 in the queue. Flags: housing status BA; device used with 2 different emails in 8 weeks; device OS windows. Start with Review device history: device used with 2 different emails in 8 weeks. Then Verify identity document: housing status BA.",Start with Review device history: device used with 2 different emails in 8 weeks. Then Verify identity document: housing status BA.,device used with 2 different emails in 8 weeks; housing status BA,Review device history; Verify identity document
633642,top_of_queue,0.716,106,HIGH,ACCEPTED_FOR_HUMAN_REVIEW,1,4.36,FRAUD,FRAUD,"Score 0.716, rank 106 in the queue. Flags: proposed credit limit $2,000; housing status BA; device OS windows. Start with Verify identity document: proposed credit limit $2,000. Then Check for linked applications: device OS windows.","Start with Verify identity document: proposed credit limit $2,000. Then Check for linked applications: device OS windows.","proposed credit limit $2,000; device OS windows",Verify identity document; Check for linked applications
805027,top_of_queue,0.716,107,HIGH,ACCEPTED_FOR_HUMAN_REVIEW,1,3.63,FRAUD,FRAUD,"Score 0.716, rank 107 in the queue. Flags: housing status BA; device OS windows; income decile 0.9. Start with Verify identity document: housing status BA. Then Check for linked applications: income decile 0.9.",Start with Verify identity document: housing status BA. Then Check for linked applications: income decile 0.9.,housing status BA; income decile 0.9,Verify identity document; Check for linked applications
703085,top_of_queue,0.716,108,HIGH,ACCEPTED_FOR_HUMAN_REVIEW,1,4.45,FRAUD,FRAUD,"Score 0.716, rank 108 in the queue. Flags: device used with 2 different emails in 8 weeks; housing status BA; proposed credit limit $2,000. Start with Review device history: device used with 2 different emails in 8 weeks. Then Verify address: housing status BA.",Start with Review device history: device used with 2 different emails in 8 weeks. Then Verify address: housing status BA.,device used with 2 different emails in 8 weeks; housing status BA,Review device history; Verify address
439774,top_of_queue,0.715,109,HIGH,ACCEPTED_FOR_HUMAN_REVIEW,1,3.88,FRAUD,LEGITIMATE,"Score 0.715, rank 109 in the queue. Flags: proposed credit limit $2,000; housing status BA; applicant age band 60. Start with Verify identity document: proposed credit limit $2,000. Then Check for linked applications: housing status BA.","Start with Verify identity document: proposed credit limit $2,000. Then Check for linked applications: housing status BA.","proposed credit limit $2,000; housing status BA",Verify identity document; Check for linked applications
446597,top_of_queue,0.713,110,HIGH,ACCEPTED_FOR_HUMAN_REVIEW,1,4.39,FRAUD,FRAUD,"Score 0.713, rank 110 in the queue. Flags: housing status BA; proposed credit limit $2,000; device OS windows. Start with Verify identity document: housing status BA. Then Check for linked applications: proposed credit limit $2,000.","Start with Verify identity document: housing status BA. Then Check for linked applications: proposed credit limit $2,000.","housing status BA; proposed credit limit $2,000",Verify identity document; Check for linked applications
701850,top_of_queue,0.713,111,HIGH,ACCEPTED_FOR_HUMAN_REVIEW,1,4.36,FRAUD,FRAUD,"Score 0.713, rank 111 in the queue. Flags: proposed credit limit $2,000; housing status BA; device OS windows. Start with Verify identity document: proposed credit limit $2,000. Then Check for linked applications: device OS windows.","Start with Verify identity document: proposed credit limit $2,000. Then Check for linked applications: device OS windows.","proposed credit limit $2,000; device OS windows",Verify identity document; Check for linked applications
564491,top_of_queue,0.712,112,HIGH,ACCEPTED_FOR_HUMAN_REVIEW,1,5.43,FRAUD,LEGITIMATE,"Score 0.712, rank 112 in the queue. Flags: housing status BA; device used with 2 different emails in 8 weeks; date of birth seen with 1 emails in 4 weeks. Start with Review device history: device used with 2 different emails in 8 weeks. Then Verify identity document: date of birth seen with 1 email in 4 weeks.",Start with Review device history: device used with 2 different emails in 8 weeks. Then Verify identity document: date of birth seen with 1 email in 4 weeks.,device used with 2 different emails in 8 weeks; date of birth seen with 1 emails in 4 weeks,Review device history; Verify identity document
959977,top_of_queue,0.71,113,HIGH,ACCEPTED_FOR_HUMAN_REVIEW,1,4.37,FRAUD,LEGITIMATE,"Score 0.71, rank 113 in the queue. Flags: housing status BA; proposed credit limit $2,000; device OS windows. Start with Verify identity document: housing status BA. Then Check for linked applications: proposed credit limit $2,000.","Start with Verify identity document: housing status BA. Then Check for linked applications: proposed credit limit $2,000.","housing status BA; proposed credit limit $2,000",Verify identity document; Check for linked applications
487454,top_of_queue,0.71,114,HIGH,ACCEPTED_FOR_HUMAN_REVIEW,1,4.8,FRAUD,LEGITIMATE,"Score 0.71, rank 114 in the queue. Flags: device used with 2 different emails in 8 weeks; housing status BA; credit risk score 305. Start with Review device history: device used with 2 different emails in 8 weeks. Then Verify identity document: credit risk score 305.",Start with Review device history: device used with 2 different emails in 8 weeks. Then Verify identity document: credit risk score 305.,device used with 2 different emails in 8 weeks; credit risk score 305,Review device history; Verify identity document
935996,top_of_queue,0.708,115,HIGH,ACCEPTED_FOR_HUMAN_REVIEW,1,3.64,FRAUD,FRAUD,"Score 0.708, rank 115 in the queue. Flags: housing status BA; proposed credit limit $1,900; device OS windows. Start with Review device history: device OS windows. Then Verify identity document: housing status BA.",Start with Review device history: device OS windows. Then Verify identity document: housing status BA.,housing status BA; device OS windows,Review device history; Verify identity document
703655,top_of_queue,0.708,116,HIGH,ACCEPTED_FOR_HUMAN_REVIEW,1,4.59,FRAUD,FRAUD,"Score 0.708, rank 116 in the queue. Flags: housing status BA; device used with 2 different emails in 8 weeks; proposed credit limit $2,000. Start with Review device history: device used with 2 different emails in 8 weeks. Then Verify identity document, since housing status BA.","Start with Review device history: device used with 2 different emails in 8 weeks. Then Verify identity document, since housing status BA.",device used with 2 different emails in 8 weeks; housing status BA,Review device history; Verify identity document
631980,top_of_queue,0.708,117,HIGH,ACCEPTED_FOR_HUMAN_REVIEW,1,4.06,FRAUD,FRAUD,"Score 0.708, rank 117 in the queue. Flags: proposed credit limit $2,000; housing status BA; device used with 2 different emails in 8 weeks. Start with Review device history: device used with 2 different emails in 8 weeks. Then Verify identity document.",Start with Review device history: device used with 2 different emails in 8 weeks. Then Verify identity document.,device used with 2 different emails in 8 weeks,Review device history; Verify identity document
899348,top_of_queue,0.708,118,HIGH,ACCEPTED_FOR_HUMAN_REVIEW,1,4.6,FRAUD,LEGITIMATE,"Score 0.708, rank 118 in the queue. Flags: housing status BA; proposed credit limit $2,000; credit risk score 299. Start with Verify identity document: housing status BA. Then Check for linked applications: same-ZIP volume.",Start with Verify identity document: housing status BA. Then Check for linked applications: same-ZIP volume.,"housing status BA; proposed credit limit $2,000; credit risk score 299",Verify identity document; Check for linked applications
658857,top_of_queue,0.706,119,HIGH,ACCEPTED_FOR_HUMAN_REVIEW,1,4.41,FRAUD,LEGITIMATE,"Score 0.706, rank 119 in the queue. Flags: housing status BA; device used with 2 different emails in 8 weeks; device OS windows. Start with Review device history: device used with 2 different emails in 8 weeks. Then Verify identity document: housing status BA.",Start with Review device history: device used with 2 different emails in 8 weeks. Then Verify identity document: housing status BA.,device used with 2 different emails in 8 weeks; housing status BA,Review device history; Verify identity document
935573,top_of_queue,0.701,120,HIGH,ACCEPTED_FOR_HUMAN_REVIEW,1,4.35,FRAUD,FRAUD,"Score 0.701, rank 120 in the queue. Flags: housing status BA; proposed credit limit $2,000; name and email don't match (similarity 0.12). Start with Confirm email ownership: name and email don't match (similarity 0.12). Then Verify identity document.",Start with Confirm email ownership: name and email don't match (similarity 0.12). Then Verify identity document.,name and email don't match (similarity 0.12),Confirm email ownership; Verify identity document
935084,top_of_queue,0.698,121,HIGH,ACCEPTED_FOR_HUMAN_REVIEW,1,3.88,FRAUD,FRAUD,"Score 0.698, rank 121 in the queue. Flags: proposed credit limit $2,000; device OS windows; applicant age band 70. Start with Verify identity document: proposed credit limit $2,000. Then Check for linked applications: device OS windows.","Start with Verify identity document: proposed credit limit $2,000. Then Check for linked applications: device OS windows.","proposed credit limit $2,000; device OS windows",Verify identity document; Check for linked applications
720053,top_of_queue,0.697,122,HIGH,ACCEPTED_FOR_HUMAN_REVIEW,1,3.88,FRAUD,LEGITIMATE,"Score 0.697, rank 122 in the queue. Flags: housing status BA; proposed credit limit $1,900; credit risk score 302. Start with Verify identity document: housing status BA. Then Check for linked applications: proposed credit limit $1,900.","Start with Verify identity document: housing status BA. Then Check for linked applications: proposed credit limit $1,900.","housing status BA; proposed credit limit $1,900",Verify identity document; Check for linked applications
945775,top_of_queue,0.697,123,HIGH,ACCEPTED_FOR_HUMAN_REVIEW,1,4.12,FRAUD,LEGITIMATE,"Score 0.697, rank 123 in the queue. Flags: housing status BA; device OS windows; credit risk score 284. Start with Verify identity document: housing status BA. Then Check for linked applications: credit risk score 284.",Start with Verify identity document: housing status BA. Then Check for linked applications: credit risk score 284.,housing status BA; credit risk score 284,Verify identity document; Check for linked applications
757978,top_of_queue,0.697,124,HIGH,ACCEPTED_FOR_HUMAN_REVIEW,1,4.38,FRAUD,LEGITIMATE,"Score 0.697, rank 124 in the queue. Flags: proposed credit limit $2,000; housing status BA; device OS windows. Start with Verify identity document: proposed credit limit $2,000. Then Check for linked applications: device OS windows.","Start with Verify identity document: proposed credit limit $2,000. Then Check for linked applications: device OS windows.","proposed credit limit $2,000; device OS windows",Verify identity document; Check for linked applications
935807,top_of_queue,0.697,125,HIGH,ACCEPTED_FOR_HUMAN_REVIEW,1,4.6,FRAUD,FRAUD,"Score 0.697, rank 125 in the queue. Flags: housing status BA; proposed credit limit $2,000; credit risk score 315. Start with Verify identity document: housing status BA. Then Check for linked applications: same-ZIP volume.",Start with Verify identity document: housing status BA. Then Check for linked applications: same-ZIP volume.,"housing status BA; proposed credit limit $2,000; credit risk score 315",Verify identity document; Check for linked applications
899019,top_of_queue,0.696,126,HIGH,ACCEPTED_FOR_HUMAN_REVIEW,1,4.75,FRAUD,LEGITIMATE,"Score 0.696, rank 126 in the queue. Flags: proposed credit limit $2,000; housing status BA; credit risk score 280. Start with Verify identity document: proposed credit limit $2,000. Then Check for linked applications: credit risk score 280.","Start with Verify identity document: proposed credit limit $2,000. Then Check for linked applications: credit risk score 280.","proposed credit limit $2,000; credit risk score 280",Verify identity document; Check for linked applications
805405,top_of_queue,0.695,127,HIGH,ACCEPTED_FOR_HUMAN_REVIEW,1,4.12,FRAUD,FRAUD,"Score 0.695, rank 127 in the queue. Flags: housing status BA; credit risk score 304; date of birth seen with 1 emails in 4 weeks. Start with Verify identity document: date of birth seen with 1 emails in 4 weeks. Then Check for linked applications: housing status BA.",Start with Verify identity document: date of birth seen with 1 emails in 4 weeks. Then Check for linked applications: housing status BA.,housing status BA; date of birth seen with 1 emails in 4 weeks,Verify identity document; Check for linked applications
935632,top_of_queue,0.695,128,HIGH,ACCEPTED_FOR_HUMAN_REVIEW,1,3.88,FRAUD,FRAUD,"Score 0.695, rank 128 in the queue. Flags: housing status BA; proposed credit limit $1,900; credit risk score 291. Start with Verify identity document: housing status BA. Then Check for linked applications: proposed credit limit $1,900.","Start with Verify identity document: housing status BA. Then Check for linked applications: proposed credit limit $1,900.","housing status BA; proposed credit limit $1,900",Verify identity document; Check for linked applications
412217,top_of_queue,0.694,129,HIGH,ACCEPTED_FOR_HUMAN_REVIEW,1,4.75,FRAUD,LEGITIMATE,"Score 0.694, rank 129 in the queue. Flags: proposed credit limit $2,000; housing status BA; credit risk score 287. Start with Verify identity document: proposed credit limit $2,000. Then Check for linked applications: credit risk score 287.","Start with Verify identity document: proposed credit limit $2,000. Then Check for linked applications: credit risk score 287.","proposed credit limit $2,000; credit risk score 287",Verify identity document; Check for linked applications
671645,top_of_queue,0.694,130,HIGH,ACCEPTED_FOR_HUMAN_REVIEW,1,4.12,FRAUD,LEGITIMATE,"Score 0.694, rank 130 in the queue. Flags: housing status BA; credit risk score 304; device OS windows. Start with Verify identity document: housing status BA. Then Check for linked applications: credit risk score 304.",Start with Verify identity document: housing status BA. Then Check for linked applications: credit risk score 304.,housing status BA; credit risk score 304,Verify identity document; Check for linked applications
447312,top_of_queue,0.693,131,HIGH,ACCEPTED_FOR_HUMAN_REVIEW,1,4.21,FRAUD,FRAUD,"Score 0.693, rank 131 in the queue. Flags: housing status BA; device OS windows; device used with 2 different emails in 8 weeks. Start with Review device history: device used with 2 different emails in 8 weeks. Then Verify identity document.",Start with Review device history: device used with 2 different emails in 8 weeks. Then Verify identity document.,device used with 2 different emails in 8 weeks; housing status BA,Review device history; Verify identity document
935738,top_of_queue,0.693,132,HIGH,ACCEPTED_FOR_HUMAN_REVIEW,1,4.6,FRAUD,FRAUD,"Score 0.693, rank 132 in the queue. Flags: housing status BA; proposed credit limit $2,000; credit risk score 317. Start with Verify identity document: housing status BA. Then Check for linked applications: same-ZIP volume.",Start with Verify identity document: housing status BA. Then Check for linked applications: same-ZIP volume.,"housing status BA; proposed credit limit $2,000; credit risk score 317",Verify identity document; Check for linked applications
703226,top_of_queue,0.693,133,HIGH,FALLBACK_TEMPLATE,2,6.82,FRAUD,FRAUD,"Score 0.693, rank 133 in the queue. Flags: housing status BA; proposed credit limit $2,000; date of birth seen with 1 emails in 4 weeks. Assistant note unavailable; review the flags above.",Assistant note unavailable; review the flags above.,"housing status BA; proposed credit limit $2,000; date of birth seen with 1 emails in 4 weeks",Verify identity document
447586,top_of_queue,0.691,134,HIGH,ACCEPTED_FOR_HUMAN_REVIEW,1,4.87,FRAUD,FRAUD,"Score 0.691, rank 134 in the queue. Flags: housing status BA; applicant age band 70; name and email don't match (similarity 0.14). Start with Confirm email ownership: name and email don't match (similarity 0.14). Then Verify identity document, since housing status BA.","Start with Confirm email ownership: name and email don't match (similarity 0.14). Then Verify identity document, since housing status BA.",name and email don't match (similarity 0.14); housing status BA,Confirm email ownership; Verify identity document
703212,top_of_queue,0.69,135,HIGH,ACCEPTED_FOR_HUMAN_REVIEW,1,4.41,FRAUD,FRAUD,"Score 0.69, rank 135 in the queue. Flags: housing status BA; device used with 2 different emails in 8 weeks; device OS windows. Start with Review device history: device used with 2 different emails in 8 weeks. Then Verify identity document: housing status BA.",Start with Review device history: device used with 2 different emails in 8 weeks. Then Verify identity document: housing status BA.,device used with 2 different emails in 8 weeks; housing status BA,Review device history; Verify identity document
797281,top_of_queue,0.689,136,HIGH,ACCEPTED_FOR_HUMAN_REVIEW,1,4.79,FRAUD,LEGITIMATE,"Score 0.689, rank 136 in the queue. Flags: credit risk score 354; device used with 2 different emails in 8 weeks; device OS windows. Start with Review device history: device used with 2 different emails in 8 weeks. Then Verify identity document: credit risk score 354.",Start with Review device history: device used with 2 different emails in 8 weeks. Then Verify identity document: credit risk score 354.,device used with 2 different emails in 8 weeks; credit risk score 354,Review device history; Verify identity document
692277,top_of_queue,0.688,137,HIGH,ACCEPTED_FOR_HUMAN_REVIEW,1,3.32,FRAUD,LEGITIMATE,"Score 0.688, rank 137 in the queue. Flags: housing status BA; device OS windows; proposed credit limit $2,000. Start with Verify identity document: housing status BA. Then Check for linked applications: same-ZIP volume.",Start with Verify identity document: housing status BA. Then Check for linked applications: same-ZIP volume.,housing status BA; device OS windows,Verify identity document; Check for linked applications
570500,top_of_queue,0.688,138,HIGH,ACCEPTED_FOR_HUMAN_REVIEW,1,4.12,FRAUD,LEGITIMATE,"Score 0.688, rank 138 in the queue. Flags: housing status BA; device OS windows; credit risk score 287. Start with Verify identity document: housing status BA. Then Check for linked applications: credit risk score 287.",Start with Verify identity document: housing status BA. Then Check for linked applications: credit risk score 287.,housing status BA; credit risk score 287,Verify identity document; Check for linked applications
805479,top_of_queue,0.688,139,HIGH,ACCEPTED_FOR_HUMAN_REVIEW,1,3.88,FRAUD,FRAUD,"Score 0.688, rank 139 in the queue. Flags: proposed credit limit $2,000; housing status BA; income decile 0.9. Start with Verify identity document: proposed credit limit $2,000. Then Check for linked applications: housing status BA.","Start with Verify identity document: proposed credit limit $2,000. Then Check for linked applications: housing status BA.","proposed credit limit $2,000; housing status BA",Verify identity document; Check for linked applications
703009,top_of_queue,0.687,140,HIGH,ACCEPTED_FOR_HUMAN_REVIEW,1,4.88,FRAUD,FRAUD,"Score 0.687, rank 140 in the queue. Flags: housing status BA; credit risk score 322; name and email don't match (similarity 0.15). Start with Confirm email ownership: name and email don't match (similarity 0.15). Then Verify identity document, since housing status BA.","Start with Confirm email ownership: name and email don't match (similarity 0.15). Then Verify identity document, since housing status BA.",name and email don't match (similarity 0.15); housing status BA,Confirm email ownership; Verify identity document
703336,top_of_queue,0.686,141,HIGH,ACCEPTED_FOR_HUMAN_REVIEW,1,4.43,FRAUD,FRAUD,"Score 0.686, rank 141 in the queue. Flags: housing status BA; device used with 2 different emails in 8 weeks; device OS windows. Start with Review device history: device used with 2 different emails in 8 weeks. Then Verify identity document: housing status BA.",Start with Review device history: device used with 2 different emails in 8 weeks. Then Verify identity document: housing status BA.,device used with 2 different emails in 8 weeks; housing status BA,Review device history; Verify identity document
805235,top_of_queue,0.685,142,HIGH,ACCEPTED_FOR_HUMAN_REVIEW,1,4.61,FRAUD,FRAUD,"Score 0.685, rank 142 in the queue. Flags: housing status BA; proposed credit limit $2,000; credit risk score 274. Start with Verify identity document: housing status BA. Then Check for linked applications: same-ZIP volume.",Start with Verify identity document: housing status BA. Then Check for linked applications: same-ZIP volume.,"housing status BA; proposed credit limit $2,000; credit risk score 274",Verify identity document; Check for linked applications
934933,top_of_queue,0.683,143,HIGH,ACCEPTED_FOR_HUMAN_REVIEW,1,3.93,FRAUD,FRAUD,"Score 0.683, rank 143 in the queue. Flags: credit risk score 306; housing status BA; device used with 2 different emails in 8 weeks. Start with Review device history: device used with 2 different emails in 8 weeks. Then Verify identity document.",Start with Review device history: device used with 2 different emails in 8 weeks. Then Verify identity document.,device used with 2 different emails in 8 weeks,Review device history; Verify identity document
806403,top_of_queue,0.682,144,HIGH,ACCEPTED_FOR_HUMAN_REVIEW,1,3.88,FRAUD,FRAUD,"Score 0.682, rank 144 in the queue. Flags: proposed credit limit $2,000; housing status BA; income decile 0.9. Start with Verify identity document: proposed credit limit $2,000. Then Check for linked applications: housing status BA.","Start with Verify identity document: proposed credit limit $2,000. Then Check for linked applications: housing status BA.","proposed credit limit $2,000; housing status BA",Verify identity document; Check for linked applications
976220,top_of_queue,0.682,145,HIGH,ACCEPTED_FOR_HUMAN_REVIEW,1,4.36,FRAUD,LEGITIMATE,"Score 0.682, rank 145 in the queue. Flags: housing status BA; proposed credit limit $2,000; device OS windows. Start with Verify identity document: housing status BA. Then Check for linked applications: proposed credit limit $2,000.","Start with Verify identity document: housing status BA. Then Check for linked applications: proposed credit limit $2,000.","housing status BA; proposed credit limit $2,000",Verify identity document; Check for linked applications
703494,top_of_queue,0.682,146,HIGH,ACCEPTED_FOR_HUMAN_REVIEW,1,4.5,FRAUD,FRAUD,"Score 0.682, rank 146 in the queue. Flags: housing status BA; device OS windows; date of birth seen with 2 emails in 4 weeks. Start with Review device history: device OS windows. Then Verify identity document: date of birth seen with 2 emails in 4 weeks.",Start with Review device history: device OS windows. Then Verify identity document: date of birth seen with 2 emails in 4 weeks.,device OS windows; date of birth seen with 2 emails in 4 weeks,Review device history; Verify identity document
632033,top_of_queue,0.681,147,HIGH,ACCEPTED_FOR_HUMAN_REVIEW,1,4.41,FRAUD,FRAUD,"Score 0.681, rank 147 in the queue. Flags: housing status BA; device used with 2 different emails in 8 weeks; device OS windows. Start with Review device history: device used with 2 different emails in 8 weeks. Then Verify identity document: housing status BA.",Start with Review device history: device used with 2 different emails in 8 weeks. Then Verify identity document: housing status BA.,device used with 2 different emails in 8 weeks; housing status BA,Review device history; Verify identity document
741139,top_of_queue,0.679,148,HIGH,ACCEPTED_FOR_HUMAN_REVIEW,1,4.36,FRAUD,LEGITIMATE,"Score 0.679, rank 148 in the queue. Flags: housing status BA; proposed credit limit $2,000; device OS windows. Start with Verify identity document: housing status BA. Then Check for linked applications: proposed credit limit $2,000.","Start with Verify identity document: housing status BA. Then Check for linked applications: proposed credit limit $2,000.","housing status BA; proposed credit limit $2,000",Verify identity document; Check for linked applications
935495,top_of_queue,0.678,149,HIGH,ACCEPTED_FOR_HUMAN_REVIEW,1,5.36,FRAUD,FRAUD,"Score 0.678, rank 149 in the queue. Flags: proposed credit limit $2,000; housing status BA; date of birth seen with 2 emails in 4 weeks. Start with Verify identity document: proposed credit limit $2,000. Then Check for linked applications: date of birth seen with 2 emails in 4 weeks.","Start with Verify identity document: proposed credit limit $2,000. Then Check for linked applications: date of birth seen with 2 emails in 4 weeks.","proposed credit limit $2,000; date of birth seen with 2 emails in 4 weeks",Verify identity document; Check for linked applications
632024,top_of_queue,0.678,150,HIGH,ACCEPTED_FOR_HUMAN_REVIEW,1,4.6,FRAUD,FRAUD,"Score 0.678, rank 150 in the queue. Flags: housing status BA; proposed credit limit $2,000; credit risk score 277. Start with Verify identity document: housing status BA. Then Check for linked applications: same-ZIP volume.",Start with Verify identity document: housing status BA. Then Check for linked applications: same-ZIP volume.,"housing status BA; proposed credit limit $2,000; credit risk score 277",Verify identity document; Check for linked applications
751813,random,0.06,25445,LOW,ACCEPTED_FOR_HUMAN_REVIEW,1,4.53,LEGITIMATE,LEGITIMATE,"Score 0.06, rank 25445 in the queue. Flags: housing status BA; device OS windows; date of birth seen with 2 emails in 4 weeks. Start with Review device history: device OS windows. Then Verify identity document: date of birth seen with 2 emails in 4 weeks.",Start with Review device history: device OS windows. Then Verify identity document: date of birth seen with 2 emails in 4 weeks.,device OS windows; date of birth seen with 2 emails in 4 weeks,Review device history; Verify identity document
485015,random,0.077,18798,LOW,ACCEPTED_FOR_HUMAN_REVIEW,1,4.12,LEGITIMATE,LEGITIMATE,"Score 0.077, rank 18798 in the queue. Flags: housing status BA; device OS windows; credit risk score 261. Start with Verify identity document: housing status BA. Then Check for linked applications: credit risk score 261.",Start with Verify identity document: housing status BA. Then Check for linked applications: credit risk score 261.,housing status BA; credit risk score 261,Verify identity document; Check for linked applications
487018,random,0.054,28819,LOW,ACCEPTED_FOR_HUMAN_REVIEW,1,3.4,FRAUD,LEGITIMATE,"Score 0.054, rank 28819 in the queue. Flags: housing status BA; applicant age band 60; credit risk score 248. Start with Verify identity document: housing status BA, applicant age band 60.","Start with Verify identity document: housing status BA, applicant age band 60.",housing status BA; applicant age band 60; credit risk score 248,Verify identity document
447669,random,0.053,29358,LOW,ACCEPTED_FOR_HUMAN_REVIEW,1,4.51,FRAUD,FRAUD,"Score 0.053, rank 29358 in the queue. Flags: housing status BA; device OS windows; home phone not valid. Start with Verify phone number: home phone not valid. Then Verify identity document: housing status BA, device OS windows.","Start with Verify phone number: home phone not valid. Then Verify identity document: housing status BA, device OS windows.",housing status BA; device OS windows; home phone not valid,Verify phone number; Verify identity document; Review device history
676983,random,0.163,6551,LOW,ACCEPTED_FOR_HUMAN_REVIEW,1,4.75,FRAUD,LEGITIMATE,"Score 0.163, rank 6551 in the queue. Flags: housing status BA; device OS windows; name and email don't match (similarity 0.17). Start with Confirm email ownership: name and email don't match (similarity 0.17). Then Verify identity document, since housing status BA.","Start with Confirm email ownership: name and email don't match (similarity 0.17). Then Verify identity document, since housing status BA.",name and email don't match (similarity 0.17); housing status BA,Confirm email ownership; Verify identity document
510861,random,0.075,19535,LOW,ACCEPTED_FOR_HUMAN_REVIEW,1,3.52,FRAUD,LEGITIMATE,"Score 0.075, rank 19535 in the queue. Flags: housing status BA; income decile 0.9; credit risk score 236. Start with Verify identity document: housing status BA, credit risk score 236.","Start with Verify identity document: housing status BA, credit risk score 236.",housing status BA; credit risk score 236,Verify identity document
554971,random,0.055,28340,LOW,ACCEPTED_FOR_HUMAN_REVIEW,1,4.13,LEGITIMATE,LEGITIMATE,"Score 0.055, rank 28340 in the queue. Flags: housing status BA; device OS windows; income decile 0.9. Start with Verify identity document: housing status BA. Then Check for linked applications: income decile 0.9.",Start with Verify identity document: housing status BA. Then Check for linked applications: income decile 0.9.,housing status BA; income decile 0.9,Verify identity document; Check for linked applications
994643,random,0.06,25633,LOW,ACCEPTED_FOR_HUMAN_REVIEW,1,4.14,LEGITIMATE,LEGITIMATE,"Score 0.06, rank 25633 in the queue. Flags: housing status BA; credit risk score 298; device OS windows. Start with Verify identity document: housing status BA. Then Check for linked applications: credit risk score 298.",Start with Verify identity document: housing status BA. Then Check for linked applications: credit risk score 298.,housing status BA; credit risk score 298,Verify identity document; Check for linked applications
680544,random,0.061,25242,LOW,ACCEPTED_FOR_HUMAN_REVIEW,1,4.14,LEGITIMATE,LEGITIMATE,"Score 0.061, rank 25242 in the queue. Flags: housing status BA; device OS windows; credit risk score 272. Start with Verify identity document: housing status BA. Then Check for linked applications: credit risk score 272.",Start with Verify identity document: housing status BA. Then Check for linked applications: credit risk score 272.,housing status BA; credit risk score 272,Verify identity document; Check for linked applications
895542,random,0.072,20435,LOW,ACCEPTED_FOR_HUMAN_REVIEW,1,4.41,FRAUD,LEGITIMATE,"Score 0.072, rank 20435 in the queue. Flags: device OS windows; income decile 0.9; name and email don't match (similarity 0.17). Start with Confirm email ownership: name and email don't match (similarity 0.17). Then Verify identity document, since device OS windows.","Start with Confirm email ownership: name and email don't match (similarity 0.17). Then Verify identity document, since device OS windows.",name and email don't match (similarity 0.17); device OS windows,Confirm email ownership; Verify identity document
629544,random,0.195,4787,LOW,ACCEPTED_FOR_HUMAN_REVIEW,1,4.13,LEGITIMATE,LEGITIMATE,"Score 0.195, rank 4787 in the queue. Flags: housing status BA; device OS windows; income decile 0.9. Start with Verify identity document: housing status BA. Then Check for linked applications: income decile 0.9.",Start with Verify identity document: housing status BA. Then Check for linked applications: income decile 0.9.,housing status BA; income decile 0.9,Verify identity document; Check for linked applications
606800,random,0.118,10686,LOW,ACCEPTED_FOR_HUMAN_REVIEW,1,4.76,FRAUD,LEGITIMATE,"Score 0.118, rank 10686 in the queue. Flags: housing status BA; device OS windows; name and email don't match (similarity 0.05). Start with Confirm email ownership: name and email don't match (similarity 0.05). Then Verify identity document, since housing status BA.","Start with Confirm email ownership: name and email don't match (similarity 0.05). Then Verify identity document, since housing status BA.",name and email don't match (similarity 0.05); housing status BA,Confirm email ownership; Verify identity document
671411,random,0.058,26797,LOW,ACCEPTED_FOR_HUMAN_REVIEW,1,4.0,LEGITIMATE,LEGITIMATE,"Score 0.058, rank 26797 in the queue. Flags: income decile 0.9; home phone not valid; 71 months at current address. Start with Verify phone number: home phone not valid. Then Verify address: 71 months at current address.",Start with Verify phone number: home phone not valid. Then Verify address: 71 months at current address.,home phone not valid; 71 months at current address,Verify phone number; Verify address
899796,random,0.069,21659,LOW,ACCEPTED_FOR_HUMAN_REVIEW,1,5.14,LEGITIMATE,LEGITIMATE,"Score 0.069, rank 21659 in the queue. Flags: applicant age band 70; name and email don't match (similarity 0.11); date of birth seen with 2 emails in 4 weeks. Start with Confirm email ownership: name and email don't match. Then Verify identity document: date of birth seen with 2 emails.",Start with Confirm email ownership: name and email don't match. Then Verify identity document: date of birth seen with 2 emails.,name and email don't match (similarity 0.11); date of birth seen with 2 emails in 4 weeks,Confirm email ownership; Verify identity document
915932,random,0.14,8304,LOW,ACCEPTED_FOR_HUMAN_REVIEW,1,4.8,FRAUD,LEGITIMATE,"Score 0.14, rank 8304 in the queue. Flags: housing status BA; device OS windows; name and email don't match (similarity 0.16). Start with Confirm email ownership: name and email don't match (similarity 0.16). Then Verify identity document, since housing status BA.","Start with Confirm email ownership: name and email don't match (similarity 0.16). Then Verify identity document, since housing status BA.",name and email don't match (similarity 0.16); housing status BA,Confirm email ownership; Verify identity document
657205,random,0.072,20527,LOW,ACCEPTED_FOR_HUMAN_REVIEW,1,4.86,LEGITIMATE,LEGITIMATE,"Score 0.072, rank 20527 in the queue. Flags: device OS windows; name and email don't match (similarity 0.06); did not keep session alive. Start with Confirm email ownership: name and email don't match (similarity 0.06). Then Review device history: device OS windows.",Start with Confirm email ownership: name and email don't match (similarity 0.06). Then Review device history: device OS windows.,device OS windows; name and email don't match (similarity 0.06),Confirm email ownership; Review device history
687579,random,0.192,4932,LOW,ACCEPTED_FOR_HUMAN_REVIEW,1,4.53,FRAUD,LEGITIMATE,"Score 0.192, rank 4932 in the queue. Flags: housing status BA; device OS windows; home phone not valid. Start with Verify phone number: home phone not valid. Then Verify identity document: housing status BA, device OS windows.","Start with Verify phone number: home phone not valid. Then Verify identity document: housing status BA, device OS windows.",housing status BA; device OS windows; home phone not valid,Verify phone number; Verify identity document; Review device history
724612,random,0.13,9295,LOW,ACCEPTED_FOR_HUMAN_REVIEW,1,4.13,LEGITIMATE,LEGITIMATE,"Score 0.13, rank 9295 in the queue. Flags: housing status BA; credit risk score 323; device OS windows. Start with Verify identity document: housing status BA. Then Check for linked applications: credit risk score 323.",Start with Verify identity document: housing status BA. Then Check for linked applications: credit risk score 323.,housing status BA; credit risk score 323,Verify identity document; Check for linked applications
894384,random,0.178,5665,LOW,ACCEPTED_FOR_HUMAN_REVIEW,1,4.14,FRAUD,LEGITIMATE,"Score 0.178, rank 5665 in the queue. Flags: housing status BA; device OS windows; income decile 0.9. Start with Verify identity document: housing status BA. Then Check for linked applications: income decile 0.9.",Start with Verify identity document: housing status BA. Then Check for linked applications: income decile 0.9.,housing status BA; income decile 0.9,Verify identity document; Check for linked applications
568331,random,0.058,26362,LOW,ACCEPTED_FOR_HUMAN_REVIEW,1,4.52,LEGITIMATE,LEGITIMATE,"Score 0.058, rank 26362 in the queue. Flags: housing status BA; device OS windows; date of birth seen with 2 emails in 4 weeks. Start with Review device history: device OS windows. Then Verify identity document: date of birth seen with 2 emails in 4 weeks.",Start with Review device history: device OS windows. Then Verify identity document: date of birth seen with 2 emails in 4 weeks.,device OS windows; date of birth seen with 2 emails in 4 weeks,Review device history; Verify identity document
773252,random,0.221,3850,LOW,ACCEPTED_FOR_HUMAN_REVIEW,1,4.19,FRAUD,LEGITIMATE,"Score 0.221, rank 3850 in the queue. Flags: housing status BA; device OS windows; income decile 0.9. Start with Verify identity document: housing status BA. Then Check for linked applications: income decile 0.9.",Start with Verify identity document: housing status BA. Then Check for linked applications: income decile 0.9.,housing status BA; income decile 0.9,Verify identity document; Check for linked applications
498102,random,0.118,10710,LOW,ACCEPTED_FOR_HUMAN_REVIEW,1,3.74,LEGITIMATE,LEGITIMATE,"Score 0.118, rank 10710 in the queue. Flags: proposed credit limit $2,000; housing status BA; income decile 0.9. Start with Verify identity document: proposed credit limit $2,000, housing status BA.","Start with Verify identity document: proposed credit limit $2,000, housing status BA.","proposed credit limit $2,000; housing status BA",Verify identity document
526794,random,0.199,4645,LOW,ACCEPTED_FOR_HUMAN_REVIEW,1,4.74,LEGITIMATE,LEGITIMATE,"Score 0.199, rank 4645 in the queue. Flags: housing status BA; device OS windows; name and email don't match (similarity 0.07). Start with Confirm email ownership: name and email don't match (similarity 0.07). Then Verify identity document, since housing status BA.","Start with Confirm email ownership: name and email don't match (similarity 0.07). Then Verify identity document, since housing status BA.",name and email don't match (similarity 0.07); housing status BA,Confirm email ownership; Verify identity document
542896,random,0.138,8527,LOW,ACCEPTED_FOR_HUMAN_REVIEW,1,5.4,LEGITIMATE,LEGITIMATE,"Score 0.138, rank 8527 in the queue. Flags: housing status BA; device used with 2 different emails in 8 weeks; date of birth seen with 2 emails in 4 weeks. Start with Review device history: device used with 2 different emails in 8 weeks. Then Verify identity document: date of birth seen with 2 emails in 4 weeks.",Start with Review device history: device used with 2 different emails in 8 weeks. Then Verify identity document: date of birth seen with 2 emails in 4 weeks.,device used with 2 different emails in 8 weeks; date of birth seen with 2 emails in 4 weeks,Review device history; Verify identity document
545593,random,0.069,21772,LOW,ACCEPTED_FOR_HUMAN_REVIEW,1,3.84,LEGITIMATE,LEGITIMATE,"Score 0.069, rank 21772 in the queue. Flags: proposed credit limit $2,000; device OS windows; did not keep session alive. Start with Review device history: device OS Windows. Then Verify identity document: did not keep session alive.",Start with Review device history: device OS Windows. Then Verify identity document: did not keep session alive.,device OS windows; did not keep session alive,Review device history; Verify identity document
833618,random,0.055,28231,LOW,ACCEPTED_FOR_HUMAN_REVIEW,1,4.46,LEGITIMATE,LEGITIMATE,"Score 0.055, rank 28231 in the queue. Flags: device OS windows; date of birth seen with 3 emails in 4 weeks; home phone not valid. Start with Verify phone number: home phone not valid. Then Review device history: device OS windows.",Start with Verify phone number: home phone not valid. Then Review device history: device OS windows.,device OS windows; date of birth seen with 3 emails in 4 weeks; home phone not valid,Verify phone number; Review device history
959913,random,0.272,2577,LOW,ACCEPTED_FOR_HUMAN_REVIEW,1,3.83,FRAUD,LEGITIMATE,"Score 0.272, rank 2577 in the queue. Flags: housing status BA; device OS windows; did not keep session alive. Start with Review device history: device OS windows. Then Verify identity document: did not keep session alive.",Start with Review device history: device OS windows. Then Verify identity document: did not keep session alive.,device OS windows; did not keep session alive,Review device history; Verify identity document
520351,random,0.237,3392,LOW,ACCEPTED_FOR_HUMAN_REVIEW,1,4.37,FRAUD,LEGITIMATE,"Score 0.237, rank 3392 in the queue. Flags: housing status BA; proposed credit limit $2,000; device OS windows. Start with Verify identity document: housing status BA. Then Check for linked applications: proposed credit limit $2,000.","Start with Verify identity document: housing status BA. Then Check for linked applications: proposed credit limit $2,000.","housing status BA; proposed credit limit $2,000",Verify identity document; Check for linked applications
937593,random,0.13,9263,LOW,ACCEPTED_FOR_HUMAN_REVIEW,1,3.74,FRAUD,LEGITIMATE,"Score 0.13, rank 9263 in the queue. Flags: housing status BA; device OS windows; did not keep session alive. Start with Review device history: device OS windows. Then Verify identity document, since housing status BA.","Start with Review device history: device OS windows. Then Verify identity document, since housing status BA.",housing status BA; device OS windows,Review device history; Verify identity document
445307,random,0.121,10332,LOW,ACCEPTED_FOR_HUMAN_REVIEW,1,4.89,LEGITIMATE,LEGITIMATE,"Score 0.121, rank 10332 in the queue. Flags: housing status BA; device OS windows; name and email don't match (similarity 0.10). Start with Confirm email ownership: name and email don't match (similarity 0.10). Then Verify identity document, since housing status BA.","Start with Confirm email ownership: name and email don't match (similarity 0.10). Then Verify identity document, since housing status BA.",name and email don't match (similarity 0.10); housing status BA,Confirm email ownership; Verify identity document
913183,random,0.114,11156,LOW,ACCEPTED_FOR_HUMAN_REVIEW,1,4.69,LEGITIMATE,LEGITIMATE,"Score 0.114, rank 11156 in the queue. Flags: housing status BA; name and email don't match (similarity 0.11); device OS windows. Start with Confirm email ownership: name and email don't match (similarity 0.11). Then Review device history: device OS windows.",Start with Confirm email ownership: name and email don't match (similarity 0.11). Then Review device history: device OS windows.,name and email don't match (similarity 0.11); device OS windows,Confirm email ownership; Review device history
935211,random,0.254,2963,LOW,ACCEPTED_FOR_HUMAN_REVIEW,1,4.21,FRAUD,FRAUD,"Score 0.254, rank 2963 in the queue. Flags: housing status BA; device OS windows; device used with 2 different emails in 8 weeks. Start with Review device history: device used with 2 different emails in 8 weeks. Then Verify identity document.",Start with Review device history: device used with 2 different emails in 8 weeks. Then Verify identity document.,device used with 2 different emails in 8 weeks; device OS windows,Review device history; Verify identity document
990094,random,0.097,13986,LOW,ACCEPTED_FOR_HUMAN_REVIEW,1,4.12,FRAUD,LEGITIMATE,"Score 0.097, rank 13986 in the queue. Flags: housing status BA; device OS windows; credit risk score 253. Start with Verify identity document: housing status BA. Then Check for linked applications: credit risk score 253.",Start with Verify identity document: housing status BA. Then Check for linked applications: credit risk score 253.,housing status BA; credit risk score 253,Verify identity document; Check for linked applications
636663,random,0.054,28755,LOW,ACCEPTED_FOR_HUMAN_REVIEW,1,3.52,LEGITIMATE,LEGITIMATE,"Score 0.054, rank 28755 in the queue. Flags: housing status BA; income decile 0.9; credit risk score 267. Start with Verify identity document: housing status BA, credit risk score 267.","Start with Verify identity document: housing status BA, credit risk score 267.",housing status BA; credit risk score 267,Verify identity document
430136,random,0.071,20771,LOW,ACCEPTED_FOR_HUMAN_REVIEW,1,4.88,LEGITIMATE,LEGITIMATE,"Score 0.071, rank 20771 in the queue. Flags: housing status BA; credit risk score 291; name and email don't match (similarity 0.16). Start with Confirm email ownership: name and email don't match (similarity 0.16). Then Verify identity document, since housing status BA.","Start with Confirm email ownership: name and email don't match (similarity 0.16). Then Verify identity document, since housing status BA.",name and email don't match (similarity 0.16); housing status BA,Confirm email ownership; Verify identity document
613640,random,0.399,1086,MEDIUM,ACCEPTED_FOR_HUMAN_REVIEW,1,4.5,FRAUD,LEGITIMATE,"Score 0.399, rank 1086 in the queue. Flags: housing status BA; date of birth seen with 2 emails in 4 weeks; device OS windows. Start with Review device history: date of birth seen with 2 emails in 4 weeks. Then Verify identity document: housing status BA.",Start with Review device history: date of birth seen with 2 emails in 4 weeks. Then Verify identity document: housing status BA.,date of birth seen with 2 emails in 4 weeks; housing status BA,Review device history; Verify identity document
803351,random,0.064,23787,LOW,ACCEPTED_FOR_HUMAN_REVIEW,1,4.6,FRAUD,LEGITIMATE,"Score 0.064, rank 23787 in the queue. Flags: housing status BA; date of birth seen with 3 emails in 4 weeks; home phone not valid. Start with Verify phone number: home phone not valid. Then Review device history: date of birth seen with 3 emails in 4 weeks.",Start with Verify phone number: home phone not valid. Then Review device history: date of birth seen with 3 emails in 4 weeks.,date of birth seen with 3 emails in 4 weeks; home phone not valid,Verify phone number; Review device history
453295,random,0.064,23750,LOW,ACCEPTED_FOR_HUMAN_REVIEW,1,5.79,LEGITIMATE,LEGITIMATE,"Score 0.064, rank 23750 in the queue. Flags: device OS windows; name and email don't match (similarity 0.11); date of birth seen with 3 emails in 4 weeks. Start with Confirm email ownership: name and email don't match (similarity 0.11). Then Check for linked applications: date of birth seen with 3 emails in 4 weeks.",Start with Confirm email ownership: name and email don't match (similarity 0.11). Then Check for linked applications: date of birth seen with 3 emails in 4 weeks.,name and email don't match (similarity 0.11); date of birth seen with 3 emails in 4 weeks,Confirm email ownership; Check for linked applications
540085,random,0.388,1158,MEDIUM,ACCEPTED_FOR_HUMAN_REVIEW,1,4.6,FRAUD,LEGITIMATE,"Score 0.388, rank 1158 in the queue. Flags: housing status BA; applicant age band 70; date of birth seen with 1 emails in 4 weeks. Start with Verify identity document: housing status BA. Then Check for linked applications: date of birth seen with 1 emails in 4 weeks.",Start with Verify identity document: housing status BA. Then Check for linked applications: date of birth seen with 1 emails in 4 weeks.,housing status BA; date of birth seen with 1 emails in 4 weeks,Verify identity document; Check for linked applications
633096,random,0.212,4153,LOW,ACCEPTED_FOR_HUMAN_REVIEW,1,4.75,FRAUD,FRAUD,"Score 0.212, rank 4153 in the queue. Flags: housing status BA; device OS windows; name and email don't match (similarity 0.05). Start with Confirm email ownership: name and email don't match (similarity 0.05). Then Verify identity document, since housing status BA.","Start with Confirm email ownership: name and email don't match (similarity 0.05). Then Verify identity document, since housing status BA.",name and email don't match (similarity 0.05); housing status BA,Confirm email ownership; Verify identity document
514319,random,0.075,19478,LOW,ACCEPTED_FOR_HUMAN_REVIEW,1,4.25,LEGITIMATE,LEGITIMATE,"Score 0.075, rank 19478 in the queue. Flags: housing status BA; credit risk score 279; date of birth seen with 2 emails in 4 weeks. Start with Verify identity document: housing status BA. Then Check for linked applications: date of birth seen with 2 emails in 4 weeks.",Start with Verify identity document: housing status BA. Then Check for linked applications: date of birth seen with 2 emails in 4 weeks.,housing status BA; date of birth seen with 2 emails in 4 weeks,Verify identity document; Check for linked applications
429957,random,0.084,16915,LOW,ACCEPTED_FOR_HUMAN_REVIEW,1,4.52,LEGITIMATE,LEGITIMATE,"Score 0.084, rank 16915 in the queue. Flags: housing status BA; device OS windows; home phone not valid. Start with Verify phone number: home phone not valid. Then Verify identity document: housing status BA, device OS windows.","Start with Verify phone number: home phone not valid. Then Verify identity document: housing status BA, device OS windows.",housing status BA; device OS windows; home phone not valid,Verify phone number; Verify identity document; Review device history
776991,random,0.068,22088,LOW,ACCEPTED_FOR_HUMAN_REVIEW,1,4.88,LEGITIMATE,LEGITIMATE,"Score 0.068, rank 22088 in the queue. Flags: housing status BA; device OS windows; name and email don't match (similarity 0.19). Start with Confirm email ownership: name and email don't match (similarity 0.19). Then Verify identity document, since housing status BA.","Start with Confirm email ownership: name and email don't match (similarity 0.19). Then Verify identity document, since housing status BA.",name and email don't match (similarity 0.19); housing status BA,Confirm email ownership; Verify identity document
582342,random,0.097,13912,LOW,ACCEPTED_FOR_HUMAN_REVIEW,1,4.51,LEGITIMATE,LEGITIMATE,"Score 0.097, rank 13912 in the queue. Flags: housing status BA; device OS windows; date of birth seen with 2 emails in 4 weeks. Start with Review device history: device OS windows. Then Verify identity document: date of birth seen with 2 emails in 4 weeks.",Start with Review device history: device OS windows. Then Verify identity document: date of birth seen with 2 emails in 4 weeks.,device OS windows; date of birth seen with 2 emails in 4 weeks,Review device history; Verify identity document
557735,random,0.198,4685,LOW,ACCEPTED_FOR_HUMAN_REVIEW,1,3.96,FRAUD,LEGITIMATE,"Score 0.198, rank 4685 in the queue. Flags: housing status BA; income decile 0.9; name and email don't match (similarity 0.18). Start with Confirm email ownership: name and email don't match (similarity 0.18). Then Verify identity document.",Start with Confirm email ownership: name and email don't match (similarity 0.18). Then Verify identity document.,name and email don't match (similarity 0.18),Confirm email ownership; Verify identity document
520195,random,0.351,1471,MEDIUM,ACCEPTED_FOR_HUMAN_REVIEW,1,3.64,FRAUD,LEGITIMATE,"Score 0.351, rank 1471 in the queue. Flags: credit risk score 309; housing status BA; device OS windows. Start with Verify identity document: credit risk score 309. Then Check for linked applications: housing status BA.",Start with Verify identity document: credit risk score 309. Then Check for linked applications: housing status BA.,credit risk score 309; housing status BA,Verify identity document; Check for linked applications
935556,random,0.066,23040,LOW,ACCEPTED_FOR_HUMAN_REVIEW,1,4.93,FRAUD,FRAUD,"Score 0.066, rank 23040 in the queue. Flags: housing status BA; name and email don't match (similarity 0.12); home phone not valid. Start with Verify identity document: name and email don't match (similarity 0.12). Then Verify phone number: home phone not valid.",Start with Verify identity document: name and email don't match (similarity 0.12). Then Verify phone number: home phone not valid.,name and email don't match (similarity 0.12); home phone not valid,Verify identity document; Verify phone number
447607,random,0.105,12542,LOW,ACCEPTED_FOR_HUMAN_REVIEW,1,4.7,FRAUD,FRAUD,"Score 0.105, rank 12542 in the queue. Flags: housing status BA; name and email don't match (similarity 0.03); device OS windows. Start with Confirm email ownership: name and email don't match (similarity 0.03). Then Review device history: device OS windows.",Start with Confirm email ownership: name and email don't match (similarity 0.03). Then Review device history: device OS windows.,name and email don't match (similarity 0.03); device OS windows,Confirm email ownership; Review device history
632938,random,0.109,11887,LOW,ACCEPTED_FOR_HUMAN_REVIEW,1,3.25,FRAUD,FRAUD,"Score 0.109, rank 11887 in the queue. Flags: housing status BA; income decile 0.9; home phone not valid. Start with Verify phone number: home phone not valid. Then Verify identity document.",Start with Verify phone number: home phone not valid. Then Verify identity document.,home phone not valid,Verify phone number; Verify identity document
789626,random,0.066,22769,LOW,ACCEPTED_FOR_HUMAN_REVIEW,1,3.96,LEGITIMATE,LEGITIMATE,"Score 0.066, rank 22769 in the queue. Flags: housing status BA; income decile 0.9; name and email don't match (similarity 0.18). Start with Confirm email ownership: name and email don't match (similarity 0.18). Then Verify identity document.",Start with Confirm email ownership: name and email don't match (similarity 0.18). Then Verify identity document.,name and email don't match (similarity 0.18),Confirm email ownership; Verify identity document
455852,random,0.143,8052,LOW,ACCEPTED_FOR_HUMAN_REVIEW,1,4.12,FRAUD,LEGITIMATE,"Score 0.143, rank 8052 in the queue. Flags: housing status BA; device OS windows; credit risk score 279. Start with Verify identity document: housing status BA. Then Check for linked applications: credit risk score 279.",Start with Verify identity document: housing status BA. Then Check for linked applications: credit risk score 279.,housing status BA; credit risk score 279,Verify identity document; Check for linked applications
774400,random,0.328,1711,MEDIUM,ACCEPTED_FOR_HUMAN_REVIEW,1,3.89,FRAUD,LEGITIMATE,"Score 0.328, rank 1711 in the queue. Flags: proposed credit limit $2,000; device OS windows; income decile 0.9. Start with Verify identity document: proposed credit limit $2,000. Then Check for linked applications: device OS windows.","Start with Verify identity document: proposed credit limit $2,000. Then Check for linked applications: device OS windows.","proposed credit limit $2,000; device OS windows",Verify identity document; Check for linked applications
577259,random,0.121,10365,LOW,ACCEPTED_FOR_HUMAN_REVIEW,1,4.75,FRAUD,LEGITIMATE,"Score 0.121, rank 10365 in the queue. Flags: proposed credit limit $2,000; device OS windows; credit risk score 253. Start with Verify identity document: proposed credit limit $2,000. Then Check for linked applications: credit risk score 253.","Start with Verify identity document: proposed credit limit $2,000. Then Check for linked applications: credit risk score 253.","proposed credit limit $2,000; credit risk score 253",Verify identity document; Check for linked applications
467902,random,0.126,9710,LOW,ACCEPTED_FOR_HUMAN_REVIEW,1,4.12,FRAUD,LEGITIMATE,"Score 0.126, rank 9710 in the queue. Flags: housing status BA; credit risk score 317; device OS windows. Start with Verify identity document: housing status BA. Then Check for linked applications: credit risk score 317.",Start with Verify identity document: housing status BA. Then Check for linked applications: credit risk score 317.,housing status BA; credit risk score 317,Verify identity document; Check for linked applications
446955,random,0.277,2468,LOW,ACCEPTED_FOR_HUMAN_REVIEW,1,4.12,FRAUD,FRAUD,"Score 0.277, rank 2468 in the queue. Flags: housing status BA; device OS windows; income decile 0.9. Start with Verify identity document: housing status BA. Then Check for linked applications: income decile 0.9.",Start with Verify identity document: housing status BA. Then Check for linked applications: income decile 0.9.,housing status BA; income decile 0.9,Verify identity document; Check for linked applications
415796,random,0.071,20742,LOW,ACCEPTED_FOR_HUMAN_REVIEW,1,3.65,LEGITIMATE,LEGITIMATE,"Score 0.071, rank 20742 in the queue. Flags: 14.37 days since request; applicant age band 60; date of birth seen with 3 emails in 4 weeks. Start with Verify identity document: 14.37 days since request, applicant age band 60.","Start with Verify identity document: 14.37 days since request, applicant age band 60.",14.37 days since request; applicant age band 60,Verify identity document
498221,random,0.092,14940,LOW,ACCEPTED_FOR_HUMAN_REVIEW,1,4.35,FRAUD,LEGITIMATE,"Score 0.092, rank 14940 in the queue. Flags: housing status BA; income decile 0.9; name and email don't match (similarity 0.09). Start with Confirm email ownership: name and email don't match (similarity 0.09). Then Verify identity document.",Start with Confirm email ownership: name and email don't match (similarity 0.09). Then Verify identity document.,name and email don't match (similarity 0.09),Confirm email ownership; Verify identity document
524963,random,0.12,10377,LOW,ACCEPTED_FOR_HUMAN_REVIEW,1,4.25,FRAUD,LEGITIMATE,"Score 0.12, rank 10377 in the queue. Flags: housing status BA; credit risk score 351; date of birth seen with 1 emails in 4 weeks. Start with Verify identity document: housing status BA. Then Check for linked applications: credit risk score 351.",Start with Verify identity document: housing status BA. Then Check for linked applications: credit risk score 351.,housing status BA; credit risk score 351,Verify identity document; Check for linked applications
584276,random,0.062,24717,LOW,ACCEPTED_FOR_HUMAN_REVIEW,1,4.12,LEGITIMATE,LEGITIMATE,"Score 0.062, rank 24717 in the queue. Flags: housing status BA; income decile 0.9; did not keep session alive. Start with Verify identity document: housing status BA. Then Check for linked applications: income decile 0.9.",Start with Verify identity document: housing status BA. Then Check for linked applications: income decile 0.9.,housing status BA; income decile 0.9,Verify identity document; Check for linked applications
898659,random,0.455,780,MEDIUM,ACCEPTED_FOR_HUMAN_REVIEW,1,4.51,FRAUD,LEGITIMATE,"Score 0.455, rank 780 in the queue. Flags: housing status BA; date of birth seen with 2 emails in 4 weeks; device OS windows. Start with Review device history: date of birth seen with 2 emails in 4 weeks. Then Verify identity document: housing status BA.",Start with Review device history: date of birth seen with 2 emails in 4 weeks. Then Verify identity document: housing status BA.,date of birth seen with 2 emails in 4 weeks; housing status BA,Review device history; Verify identity document
831155,random,0.381,1212,MEDIUM,ACCEPTED_FOR_HUMAN_REVIEW,1,4.12,FRAUD,LEGITIMATE,"Score 0.381, rank 1212 in the queue. Flags: housing status BA; credit risk score 266; device OS windows. Start with Verify identity document: housing status BA. Then Check for linked applications: credit risk score 266.",Start with Verify identity document: housing status BA. Then Check for linked applications: credit risk score 266.,housing status BA; credit risk score 266,Verify identity document; Check for linked applications
830037,random,0.262,2772,LOW,ACCEPTED_FOR_HUMAN_REVIEW,1,3.73,FRAUD,LEGITIMATE,"Score 0.262, rank 2772 in the queue. Flags: proposed credit limit $2,000; housing status BA; credit risk score 264. Start with Verify identity document: proposed credit limit $2,000, housing status BA.","Start with Verify identity document: proposed credit limit $2,000, housing status BA.","proposed credit limit $2,000; housing status BA",Verify identity document
982065,random,0.098,13796,LOW,ACCEPTED_FOR_HUMAN_REVIEW,1,4.7,FRAUD,LEGITIMATE,"Score 0.098, rank 13796 in the queue. Flags: housing status BA; name and email don't match (similarity 0.14); device OS windows. Start with Confirm email ownership: name and email don't match (similarity 0.14). Then Review device history: device OS windows.",Start with Confirm email ownership: name and email don't match (similarity 0.14). Then Review device history: device OS windows.,name and email don't match (similarity 0.14); device OS windows,Confirm email ownership; Review device history
420564,random,0.102,13071,LOW,ACCEPTED_FOR_HUMAN_REVIEW,1,2.82,FRAUD,LEGITIMATE,"Score 0.102, rank 13071 in the queue. Flags: credit risk score 283; income decile 0.9; home phone not valid. Start with Verify phone number: home phone not valid. Then Verify identity document.",Start with Verify phone number: home phone not valid. Then Verify identity document.,home phone not valid,Verify phone number; Verify identity document
778041,random,0.069,21811,LOW,ACCEPTED_FOR_HUMAN_REVIEW,1,4.1,FRAUD,LEGITIMATE,"Score 0.069, rank 21811 in the queue. Flags: device OS windows; date of birth seen with 2 emails in 4 weeks; did not keep session alive. Start with Review device history: device OS windows. Then Verify identity document, since date of birth seen with 2 emails in 4 weeks.","Start with Review device history: device OS windows. Then Verify identity document, since date of birth seen with 2 emails in 4 weeks.",device OS windows; date of birth seen with 2 emails in 4 weeks,Review device history; Verify identity document
606484,random,0.109,11999,LOW,ACCEPTED_FOR_HUMAN_REVIEW,1,4.12,FRAUD,LEGITIMATE,"Score 0.109, rank 11999 in the queue. Flags: housing status BA; device OS windows; credit risk score 265. Start with Verify identity document: housing status BA. Then Check for linked applications: credit risk score 265.",Start with Verify identity document: housing status BA. Then Check for linked applications: credit risk score 265.,housing status BA; credit risk score 265,Verify identity document; Check for linked applications
446953,random,0.073,20046,LOW,ACCEPTED_FOR_HUMAN_REVIEW,1,4.12,FRAUD,FRAUD,"Score 0.073, rank 20046 in the queue. Flags: housing status BA; device OS windows; credit risk score 286. Start with Verify identity document: housing status BA. Then Check for linked applications: credit risk score 286.",Start with Verify identity document: housing status BA. Then Check for linked applications: credit risk score 286.,housing status BA; credit risk score 286,Verify identity document; Check for linked applications
916725,random,0.052,29675,LOW,ACCEPTED_FOR_HUMAN_REVIEW,1,4.17,LEGITIMATE,LEGITIMATE,"Score 0.052, rank 29675 in the queue. Flags: housing status BA; device OS windows; 2.31 days since request. Start with Verify identity document: housing status BA. Then Check for linked applications: 2.31 days since request.",Start with Verify identity document: housing status BA. Then Check for linked applications: 2.31 days since request.,housing status BA; 2.31 days since request,Verify identity document; Check for linked applications
703525,random,0.06,25642,LOW,ACCEPTED_FOR_HUMAN_REVIEW,1,3.4,LEGITIMATE,FRAUD,"Score 0.06, rank 25642 in the queue. Flags: housing status BA; device OS windows; applicant age band 60. Start with Verify identity document: housing status BA. Then Check for linked applications: applicant age band 60.",Start with Verify identity document: housing status BA. Then Check for linked applications: applicant age band 60.,housing status BA; device OS windows,Verify identity document; Check for linked applications
727226,random,0.109,11982,LOW,ACCEPTED_FOR_HUMAN_REVIEW,1,3.4,FRAUD,LEGITIMATE,"Score 0.109, rank 11982 in the queue. Flags: device OS windows; 56 months at current address; did not keep session alive. Start with Verify identity document: device OS windows. Then Verify address: 56 months at current address.",Start with Verify identity document: device OS windows. Then Verify address: 56 months at current address.,device OS windows; 56 months at current address,Verify identity document; Verify address
672925,random,0.136,8627,LOW,ACCEPTED_FOR_HUMAN_REVIEW,1,5.33,FRAUD,LEGITIMATE,"Score 0.136, rank 8627 in the queue. Flags: device OS windows; name and email don't match (similarity 0.16); income decile 0.9. Start with Verify identity document: name and email don't match (similarity 0.16). Then Check for linked applications: income decile 0.9.",Start with Verify identity document: name and email don't match (similarity 0.16). Then Check for linked applications: income decile 0.9.,name and email don't match (similarity 0.16); income decile 0.9,Verify identity document; Check for linked applications
509635,random,0.277,2479,LOW,ACCEPTED_FOR_HUMAN_REVIEW,1,4.5,FRAUD,LEGITIMATE,"Score 0.277, rank 2479 in the queue. Flags: housing status BA; device OS windows; date of birth seen with 2 emails in 4 weeks. Start with Review device history: device OS windows. Then Verify identity document: date of birth seen with 2 emails in 4 weeks.",Start with Review device history: device OS windows. Then Verify identity document: date of birth seen with 2 emails in 4 weeks.,device OS windows; date of birth seen with 2 emails in 4 weeks,Review device history; Verify identity document
589335,random,0.093,14680,LOW,ACCEPTED_FOR_HUMAN_REVIEW,1,3.88,FRAUD,LEGITIMATE,"Score 0.093, rank 14680 in the queue. Flags: housing status BA; proposed credit limit $2,000; income decile 0.9. Start with Verify identity document: housing status BA. Then Check for linked applications: proposed credit limit $2,000.","Start with Verify identity document: housing status BA. Then Check for linked applications: proposed credit limit $2,000.","housing status BA; proposed credit limit $2,000",Verify identity document; Check for linked applications
877288,random,0.054,28798,LOW,ACCEPTED_FOR_HUMAN_REVIEW,1,4.51,LEGITIMATE,LEGITIMATE,"Score 0.054, rank 28798 in the queue. Flags: housing status BA; device OS windows; home phone not valid. Start with Verify phone number: home phone not valid. Then Verify identity document: housing status BA, device OS windows.","Start with Verify phone number: home phone not valid. Then Verify identity document: housing status BA, device OS windows.",housing status BA; device OS windows; home phone not valid,Verify phone number; Verify identity document; Review device history
559428,random,0.054,29006,LOW,ACCEPTED_FOR_HUMAN_REVIEW,1,5.81,LEGITIMATE,LEGITIMATE,"Score 0.054, rank 29006 in the queue. Flags: name and email don't match (similarity 0.09); 0.00 days since request; date of birth seen with 3 emails in 4 weeks. Start with Confirm email ownership: name and email don't match (similarity 0.09). Then Check for linked applications: date of birth seen with 3 emails in 4 weeks.",Start with Confirm email ownership: name and email don't match (similarity 0.09). Then Check for linked applications: date of birth seen with 3 emails in 4 weeks.,name and email don't match (similarity 0.09); date of birth seen with 3 emails in 4 weeks,Confirm email ownership; Check for linked applications
526952,random,0.153,7173,LOW,ACCEPTED_FOR_HUMAN_REVIEW,1,4.36,FRAUD,LEGITIMATE,"Score 0.153, rank 7173 in the queue. Flags: housing status BA; proposed credit limit $2,000; did not keep session alive. Start with Verify identity document: housing status BA. Then Check for linked applications: proposed credit limit $2,000.","Start with Verify identity document: housing status BA. Then Check for linked applications: proposed credit limit $2,000.","housing status BA; proposed credit limit $2,000",Verify identity document; Check for linked applications
968081,random,0.164,6492,LOW,ACCEPTED_FOR_HUMAN_REVIEW,1,4.93,LEGITIMATE,LEGITIMATE,"Score 0.164, rank 6492 in the queue. Flags: housing status BA; name and email don't match (similarity 0.07); income decile 0.9. Start with Verify identity document: name and email don't match (similarity 0.07). Then Check for linked applications: housing status BA.",Start with Verify identity document: name and email don't match (similarity 0.07). Then Check for linked applications: housing status BA.,name and email don't match (similarity 0.07); housing status BA,Verify identity document; Check for linked applications
918551,random,0.053,29278,LOW,ACCEPTED_FOR_HUMAN_REVIEW,1,3.68,FRAUD,LEGITIMATE,"Score 0.053, rank 29278 in the queue. Flags: housing status BA; device OS windows; did not keep session alive. Start with Review device history: device OS windows. Then Verify identity document, since housing status BA.","Start with Review device history: device OS windows. Then Verify identity document, since housing status BA.",housing status BA; device OS windows,Review device history; Verify identity document
771831,random,0.11,11810,LOW,ACCEPTED_FOR_HUMAN_REVIEW,1,4.36,FRAUD,LEGITIMATE,"Score 0.11, rank 11810 in the queue. Flags: proposed credit limit $2,000; housing status BA; name and email don't match (similarity 0.19). Start with Confirm email ownership: name and email don't match (similarity 0.19). Then Verify identity document.",Start with Confirm email ownership: name and email don't match (similarity 0.19). Then Verify identity document.,name and email don't match (similarity 0.19),Confirm email ownership; Verify identity document
446870,random,0.404,1047,MEDIUM,ACCEPTED_FOR_HUMAN_REVIEW,1,4.15,FRAUD,FRAUD,"Score 0.404, rank 1047 in the queue. Flags: device OS windows; date of birth seen with 1 emails in 4 weeks; income decile 0.9. Start with Review device history: device OS windows. Then Verify identity document: date of birth seen with 1 emails in 4 weeks.",Start with Review device history: device OS windows. Then Verify identity document: date of birth seen with 1 emails in 4 weeks.,device OS windows; date of birth seen with 1 emails in 4 weeks,Review device history; Verify identity document
548686,random,0.073,20148,LOW,ACCEPTED_FOR_HUMAN_REVIEW,1,5.8,FRAUD,LEGITIMATE,"Score 0.073, rank 20148 in the queue. Flags: device OS windows; name and email don't match (similarity 0.11); date of birth seen with 3 emails in 4 weeks. Start with Confirm email ownership: name and email don't match (similarity 0.11). Then Check for linked applications: date of birth seen with 3 emails in 4 weeks.",Start with Confirm email ownership: name and email don't match (similarity 0.11). Then Check for linked applications: date of birth seen with 3 emails in 4 weeks.,name and email don't match (similarity 0.11); date of birth seen with 3 emails in 4 weeks,Confirm email ownership; Check for linked applications
628657,random,0.246,3151,LOW,ACCEPTED_FOR_HUMAN_REVIEW,1,3.97,LEGITIMATE,LEGITIMATE,"Score 0.246, rank 3151 in the queue. Flags: housing status BA; applicant age band 70; name and email don't match (similarity 0.11). Start with Confirm email ownership: name and email don't match (similarity 0.11). Then Verify identity document.",Start with Confirm email ownership: name and email don't match (similarity 0.11). Then Verify identity document.,name and email don't match (similarity 0.11),Confirm email ownership; Verify identity document
502793,random,0.062,24486,LOW,ACCEPTED_FOR_HUMAN_REVIEW,1,3.93,LEGITIMATE,LEGITIMATE,"Score 0.062, rank 24486 in the queue. Flags: housing status BA; did not keep session alive; 114 months at current address. Start with Verify address: 114 months at current address. Then Verify identity document, since housing status BA.","Start with Verify address: 114 months at current address. Then Verify identity document, since housing status BA.",housing status BA; did not keep session alive,Verify address; Verify identity document
703658,random,0.332,1667,MEDIUM,ACCEPTED_FOR_HUMAN_REVIEW,1,4.14,FRAUD,FRAUD,"Score 0.332, rank 1667 in the queue. Flags: housing status BA; device OS windows; income decile 0.9. Start with Verify identity document: housing status BA. Then Check for linked applications: income decile 0.9.",Start with Verify identity document: housing status BA. Then Check for linked applications: income decile 0.9.,housing status BA; income decile 0.9,Verify identity document; Check for linked applications
703090,random,0.129,9412,LOW,ACCEPTED_FOR_HUMAN_REVIEW,1,4.75,LEGITIMATE,FRAUD,"Score 0.129, rank 9412 in the queue. Flags: housing status BA; device OS windows; name and email don't match (similarity 0.15). Start with Confirm email ownership: name and email don't match (similarity 0.15). Then Verify identity document, since housing status BA.","Start with Confirm email ownership: name and email don't match (similarity 0.15). Then Verify identity document, since housing status BA.",name and email don't match (similarity 0.15); housing status BA,Confirm email ownership; Verify identity document
632132,random,0.459,762,MEDIUM,ACCEPTED_FOR_HUMAN_REVIEW,1,4.53,FRAUD,FRAUD,"Score 0.459, rank 762 in the queue. Flags: housing status BA; device OS windows; date of birth seen with 2 emails in 4 weeks. Start with Review device history: device OS windows. Then Verify identity document: date of birth seen with 2 emails in 4 weeks.",Start with Review device history: device OS windows. Then Verify identity document: date of birth seen with 2 emails in 4 weeks.,device OS windows; date of birth seen with 2 emails in 4 weeks,Review device history; Verify identity document
944526,random,0.252,2993,LOW,ACCEPTED_FOR_HUMAN_REVIEW,1,3.91,FRAUD,LEGITIMATE,"Score 0.252, rank 2993 in the queue. Flags: device OS windows; proposed credit limit $2,000; income decile 0.9. Start with Verify identity document: device OS windows. Then Check for linked applications: proposed credit limit $2,000.","Start with Verify identity document: device OS windows. Then Check for linked applications: proposed credit limit $2,000.","device OS windows; proposed credit limit $2,000",Verify identity document; Check for linked applications
566942,random,0.094,14609,LOW,ACCEPTED_FOR_HUMAN_REVIEW,1,5.42,FRAUD,LEGITIMATE,"Score 0.094, rank 14609 in the queue. Flags: device OS windows; date of birth seen with 2 emails in 4 weeks; name and email don't match (similarity 0.07). Start with Verify identity document: name and email don't match (similarity 0.07). Then Check for linked applications, since date of birth seen with 2 emails in 4 weeks.","Start with Verify identity document: name and email don't match (similarity 0.07). Then Check for linked applications, since date of birth seen with 2 emails in 4 weeks.",date of birth seen with 2 emails in 4 weeks; name and email don't match (similarity 0.07),Verify identity document; Check for linked applications
576304,random,0.058,26646,LOW,ACCEPTED_FOR_HUMAN_REVIEW,1,4.14,LEGITIMATE,LEGITIMATE,"Score 0.058, rank 26646 in the queue. Flags: device OS windows; date of birth seen with 1 emails in 4 weeks; applicant age band 60. Start with Review device history: device OS windows. Then Verify identity document: date of birth seen with 1 emails in 4 weeks.",Start with Review device history: device OS windows. Then Verify identity document: date of birth seen with 1 emails in 4 weeks.,device OS windows; date of birth seen with 1 emails in 4 weeks,Review device history; Verify identity document
608445,random,0.099,13677,LOW,ACCEPTED_FOR_HUMAN_REVIEW,1,4.14,FRAUD,LEGITIMATE,"Score 0.099, rank 13677 in the queue. Flags: housing status BA; device OS windows; credit risk score 275. Start with Verify identity document: housing status BA. Then Check for linked applications: credit risk score 275.",Start with Verify identity document: housing status BA. Then Check for linked applications: credit risk score 275.,housing status BA; credit risk score 275,Verify identity document; Check for linked applications
791981,random,0.067,22491,LOW,ACCEPTED_FOR_HUMAN_REVIEW,1,4.12,LEGITIMATE,LEGITIMATE,"Score 0.067, rank 22491 in the queue. Flags: housing status BA; device OS windows; credit risk score 304. Start with Verify identity document: housing status BA. Then Check for linked applications: credit risk score 304.",Start with Verify identity document: housing status BA. Then Check for linked applications: credit risk score 304.,housing status BA; credit risk score 304,Verify identity document; Check for linked applications
581449,random,0.274,2535,LOW,ACCEPTED_FOR_HUMAN_REVIEW,1,5.7,FRAUD,LEGITIMATE,"Score 0.274, rank 2535 in the queue. Flags: housing status BA; device used with 2 different emails in 8 weeks; name and email don't match (similarity 0.09). Start with Review device history: device used with 2 different emails in 8 weeks. Then Verify identity document, since name and email don't match (similarity 0.09).","Start with Review device history: device used with 2 different emails in 8 weeks. Then Verify identity document, since name and email don't match (similarity 0.09).",device used with 2 different emails in 8 weeks; name and email don't match (similarity 0.09),Review device history; Verify identity document
750761,random,0.103,12939,LOW,ACCEPTED_FOR_HUMAN_REVIEW,1,4.12,FRAUD,LEGITIMATE,"Score 0.103, rank 12939 in the queue. Flags: housing status BA; credit risk score 298; device OS windows. Start with Verify identity document: housing status BA. Then Check for linked applications: credit risk score 298.",Start with Verify identity document: housing status BA. Then Check for linked applications: credit risk score 298.,housing status BA; credit risk score 298,Verify identity document; Check for linked applications
665969,random,0.109,11967,LOW,ACCEPTED_FOR_HUMAN_REVIEW,1,4.78,LEGITIMATE,LEGITIMATE,"Score 0.109, rank 11967 in the queue. Flags: housing status BA; date of birth seen with 2 emails in 4 weeks; 2.28 days since request. Start with Review device history: 'date of birth seen with 2 emails in 4 weeks'. Then Verify identity document: 'housing status BA'.",Start with Review device history: 'date of birth seen with 2 emails in 4 weeks'. Then Verify identity document: 'housing status BA'.,date of birth seen with 2 emails in 4 weeks; housing status BA,Review device history; Verify identity document
634153,random,0.242,3241,LOW,ACCEPTED_FOR_HUMAN_REVIEW,1,4.12,FRAUD,LEGITIMATE,"Score 0.242, rank 3241 in the queue. Flags: housing status BA; device OS windows; income decile 0.9. Start with Verify identity document: housing status BA. Then Check for linked applications: income decile 0.9.",Start with Verify identity document: housing status BA. Then Check for linked applications: income decile 0.9.,housing status BA; income decile 0.9,Verify identity document; Check for linked applications
906601,random,0.249,3069,LOW,ACCEPTED_FOR_HUMAN_REVIEW,1,4.51,FRAUD,LEGITIMATE,"Score 0.249, rank 3069 in the queue. Flags: housing status BA; device OS windows; date of birth seen with 2 emails in 4 weeks. Start with Review device history: device OS windows. Then Verify identity document: date of birth seen with 2 emails in 4 weeks.",Start with Review device history: device OS windows. Then Verify identity document: date of birth seen with 2 emails in 4 weeks.,device OS windows; date of birth seen with 2 emails in 4 weeks,Review device history; Verify identity document
551608,random,0.12,10402,LOW,ACCEPTED_FOR_HUMAN_REVIEW,1,4.15,FRAUD,LEGITIMATE,"Score 0.12, rank 10402 in the queue. Flags: housing status BA; device OS windows; income decile 0.9. Start with Verify identity document: housing status BA. Then Check for linked applications: income decile 0.9.",Start with Verify identity document: housing status BA. Then Check for linked applications: income decile 0.9.,housing status BA; income decile 0.9,Verify identity document; Check for linked applications
805566,random,0.08,18088,LOW,ACCEPTED_FOR_HUMAN_REVIEW,1,4.55,FRAUD,FRAUD,"Score 0.08, rank 18088 in the queue. Flags: housing status BA; date of birth seen with 1 emails in 4 weeks; device OS windows. Start with Review device history: device OS windows. Then Verify identity document: date of birth seen with 1 emails in 4 weeks.",Start with Review device history: device OS windows. Then Verify identity document: date of birth seen with 1 emails in 4 weeks.,date of birth seen with 1 emails in 4 weeks; device OS windows,Review device history; Verify identity document
647789,random,0.075,19491,LOW,ACCEPTED_FOR_HUMAN_REVIEW,1,4.7,LEGITIMATE,LEGITIMATE,"Score 0.075, rank 19491 in the queue. Flags: housing status BA; name and email don't match (similarity 0.05); device OS windows. Start with Confirm email ownership: name and email don't match (similarity 0.05). Then Review device history: device OS windows.",Start with Confirm email ownership: name and email don't match (similarity 0.05). Then Review device history: device OS windows.,name and email don't match (similarity 0.05); device OS windows,Confirm email ownership; Review device history
926931,random,0.052,30086,LOW,ACCEPTED_FOR_HUMAN_REVIEW,1,4.13,LEGITIMATE,LEGITIMATE,"Score 0.052, rank 30086 in the queue. Flags: housing status BA; device OS windows; income decile 0.9. Start with Verify identity document: housing status BA. Then Check for linked applications: income decile 0.9.",Start with Verify identity document: housing status BA. Then Check for linked applications: income decile 0.9.,housing status BA; income decile 0.9,Verify identity document; Check for linked applications
